Date,Demand,Net_generation
2015-07-01,715735.0,769027.0
2015-07-02,723985.0,777439.0
2015-07-03,709478.0,761984.0
2015-07-04,649653.0,696509.0
2015-07-05,608883.0,655377.0
2015-07-06,704420.0,753176.0
2015-07-07,783562.0,843262.0
2015-07-08,822058.0,866037.0
2015-07-09,839670.0,884769.0
2015-07-10,847991.0,884369.0
2015-07-11,819298.0,845623.0
2015-07-12,805466.0,831952.0
2015-07-13,848392.0,888588.0
2015-07-14,876915.0,916194.0
2015-07-15,833922.0,871781.0
2015-07-16,830751.0,867593.0
2015-07-17,838502.0,882200.0
2015-07-18,817757.0,861714.0
2015-07-19,809490.0,851220.0
2015-07-20,832293.0,895608.0
2015-07-21,884426.0,946374.0
2015-07-22,851795.0,902848.0
2015-07-23,827309.0,877230.0
2015-07-24,826568.0,875773.0
2015-07-25,798709.0,848607.0
2015-07-26,787469.0,830611.0
2015-07-27,841344.0,885376.0
2015-07-28,876749.0,922160.0
2015-07-29,879497.0,932681.0
2015-07-30,876748.0,931075.0
2015-07-31,844898.0,933948.0
2015-08-01,222702.0,256632.0
2015-08-02,15345.0,22567.0
2015-08-03,15991.0,26434.0
2015-08-04,16334.0,27306.0
2015-08-05,15359.0,27086.0
2015-08-06,15181.0,25408.0
2015-08-07,16033.0,23971.0
2015-08-08,14907.0,20935.0
2015-08-09,15009.0,21592.0
2015-08-10,16233.0,26711.0
2015-08-11,16142.0,26501.0
2015-08-12,16014.0,27889.0
2015-08-13,15150.0,27005.0
2015-08-14,14638.0,20633.0
2015-08-15,14094.0,19810.0
2015-08-16,13330.0,19264.0
2015-08-17,563798.0,608703.0
2015-08-18,748528.0,810889.0
2015-08-19,205627.0,222817.0
2015-08-20,14215.0,22386.0
2015-08-21,14874.0,21329.0
2015-08-22,14769.0,20695.0
2015-08-23,15920.0,21758.0
2015-08-24,15650.0,25100.0
2015-08-25,15222.0,25989.0
2015-08-26,12795.0,23590.0
2015-08-27,12991.0,23254.0
2015-08-28,544074.0,579701.0
2015-08-29,689846.0,737936.0
2015-08-30,644312.0,694455.0
2015-08-31,697886.0,748412.0
2015-09-01,757795.0,813450.0
2015-09-02,782755.0,842100.0
2015-09-03,786031.0,844041.0
2015-09-04,778679.0,826373.0
2015-09-05,742020.0,780567.0
2015-09-06,688323.0,730314.0
2015-09-07,672218.0,719441.0
2015-09-08,718585.0,779419.0
2015-09-09,761139.0,823103.0
2015-09-10,753793.0,806379.0
2015-09-11,720420.0,776086.0
2015-09-12,646439.0,696141.0
2015-09-13,555438.0,599827.0
2015-09-14,582850.0,627654.0
2015-09-15,615854.0,672027.0
2015-09-16,640994.0,698752.0
2015-09-17,662746.0,718370.0
2015-09-18,674272.0,727634.0
2015-09-19,654489.0,699775.0
2015-09-20,660799.0,707459.0
2015-09-21,678290.0,719064.0
2015-09-22,649901.0,691740.0
2015-09-23,660640.0,706514.0
2015-09-24,647075.0,695835.0
2015-09-25,604623.0,662166.0
2015-09-26,577116.0,628117.0
2015-09-27,565447.0,613160.0
2015-09-28,610255.0,655168.0
2015-09-29,658043.0,694171.0
2015-09-30,693957.0,733042.0
2015-10-01,632690.0,658227.0
2015-10-02,571709.0,607512.0
2015-10-03,517175.0,560248.0
2015-10-04,502464.0,534684.0
2015-10-05,555224.0,595643.0
2015-10-06,593545.0,639522.0
2015-10-07,612346.0,655685.0
2015-10-08,619417.0,649123.0
2015-10-09,618112.0,646392.0
2015-10-10,574252.0,604833.0
2015-10-11,524891.0,562290.0
2015-10-12,564897.0,599443.0
2015-10-13,600987.0,634343.0
2015-10-14,587337.0,617782.0
2015-10-15,580750.0,608763.0
2015-10-16,585507.0,610337.0
2015-10-17,525403.0,548261.0
2015-10-18,502268.0,521626.0
2015-10-19,552064.0,581966.0
2015-10-20,577102.0,603064.0
2015-10-21,578925.0,612325.0
2015-10-22,584952.0,619838.0
2015-10-23,589235.0,630865.0
2015-10-24,556033.0,605053.0
2015-10-25,536659.0,596363.0
2015-10-26,574319.0,627078.0
2015-10-27,578905.0,627501.0
2015-10-28,587207.0,628970.0
2015-10-29,579493.0,633020.0
2015-10-30,562387.0,620086.0
2015-10-31,528912.0,575714.0
2015-11-01,486485.0,569765.0
2015-11-02,567941.0,573821.0
2015-11-03,591268.0,612517.0
2015-11-04,590621.0,621564.0
2015-11-05,601164.0,633093.0
2015-11-06,620545.0,661426.0
2015-11-07,578644.0,626038.0
2015-11-08,524335.0,574071.0
2015-11-09,570776.0,618683.0
2015-11-10,571804.0,620130.0
2015-11-11,572938.0,627576.0
2015-11-12,568616.0,624178.0
2015-11-13,567393.0,627584.0
2015-11-14,569954.0,620029.0
2015-11-15,567385.0,606030.0
2015-11-16,573839.0,621421.0
2015-11-17,570781.0,623135.0
2015-11-18,578575.0,631533.0
2015-11-19,573778.0,642005.0
2015-11-20,569959.0,642028.0
2015-11-21,551418.0,619798.0
2015-11-22,548030.0,616170.0
2015-11-23,660993.0,725649.0
2015-11-24,686471.0,736650.0
2015-11-25,635811.0,679648.0
2015-11-26,536023.0,588406.0
2015-11-27,480531.0,525916.0
2015-11-28,489697.0,533872.0
2015-11-29,493529.0,537829.0
2015-11-30,543883.0,587920.0
2015-12-01,565783.0,612960.0
2015-12-02,569175.0,616298.0
2015-12-03,620226.0,678178.0
2015-12-04,673811.0,719201.0
2015-12-05,633932.0,671169.0
2015-12-06,575200.0,617634.0
2015-12-07,587542.0,632357.0
2015-12-08,612253.0,654848.0
2015-12-09,621778.0,672650.0
2015-12-10,588556.0,627505.0
2015-12-11,568673.0,611270.0
2015-12-12,530647.0,569690.0
2015-12-13,516922.0,545239.0
2015-12-14,556433.0,591031.0
2015-12-15,575625.0,608973.0
2015-12-16,587124.0,628427.0
2015-12-17,578494.0,631377.0
2015-12-18,617182.0,664026.0
2015-12-19,689507.0,719975.0
2015-12-20,635082.0,709581.0
2015-12-21,604794.0,671987.0
2015-12-22,575178.0,614942.0
2015-12-23,561411.0,603976.0
2015-12-24,540666.0,583121.0
2015-12-25,519182.0,547096.0
2015-12-26,497800.0,526788.0
2015-12-27,509871.0,535450.0
2015-12-28,542565.0,582268.0
2015-12-29,537633.0,588021.0
2015-12-30,540051.0,595124.0
2015-12-31,532518.0,581527.0
2016-01-01,543515.0,590472.0
2016-01-02,598056.0,632601.0
2016-01-03,619779.0,653645.0
2016-01-04,666123.0,701553.0
2016-01-05,768917.0,779620.0
2016-01-06,774898.0,771150.0
2016-01-07,691141.0,705381.0
2016-01-08,612699.0,640887.0
2016-01-09,535028.0,632451.0
2016-01-10,161260.0,202242.0
2016-01-11,564531.0,568703.0
2016-01-12,777874.0,791036.0
2016-01-13,718174.0,735311.0
2016-01-14,729257.0,741934.0
2016-01-15,660482.0,675148.0
2016-01-16,583101.0,609097.0
2016-01-17,592832.0,613035.0
2016-01-18,728137.0,744898.0
2016-01-19,832522.0,831944.0
2016-01-20,790324.0,804273.0
2016-01-21,694243.0,719629.0
2016-01-22,682680.0,710348.0
2016-01-23,810468.0,818386.0
2016-01-24,801162.0,803006.0
2016-01-25,747687.0,771351.0
2016-01-26,658986.0,687743.0
2016-01-27,639282.0,668041.0
2016-01-28,682215.0,715370.0
2016-01-29,687906.0,717590.0
2016-01-30,627967.0,646173.0
2016-01-31,555151.0,575493.0
2016-02-01,553912.0,583989.0
2016-02-02,561733.0,596782.0
2016-02-03,559940.0,597110.0
2016-02-04,609197.0,645155.0
2016-02-05,711867.0,740425.0
2016-02-06,706668.0,730524.0
2016-02-07,668795.0,701052.0
2016-02-08,676702.0,697490.0
2016-02-09,753814.0,743255.0
2016-02-10,834815.0,820257.0
2016-02-11,767510.0,768119.0
2016-02-12,646051.0,666164.0
2016-02-13,630604.0,645866.0
2016-02-14,692892.0,704806.0
2016-02-15,672047.0,684944.0
2016-02-16,630573.0,651283.0
2016-02-17,616861.0,647585.0
2016-02-18,660102.0,688508.0
2016-02-19,619582.0,653899.0
2016-02-20,544993.0,578596.0
2016-02-21,507075.0,546329.0
2016-02-22,541716.0,579505.0
2016-02-23,564400.0,605297.0
2016-02-24,575190.0,614243.0
2016-02-25,655470.0,684234.0
2016-02-26,670420.0,696819.0
2016-02-27,642993.0,677659.0
2016-02-28,589243.0,621504.0
2016-02-29,561411.0,598543.0
2016-03-01,547712.0,592597.0
2016-03-02,566951.0,606929.0
2016-03-03,645528.0,667499.0
2016-03-04,631901.0,652524.0
2016-03-05,594211.0,623826.0
2016-03-06,537704.0,563639.0
2016-03-07,568480.0,594562.0
2016-03-08,561649.0,585570.0
2016-03-09,534192.0,570188.0
2016-03-10,530334.0,566205.0
2016-03-11,535431.0,563732.0
2016-03-12,520027.0,550176.0
2016-03-13,525114.0,562452.0
2016-03-14,558019.0,595307.0
2016-03-15,551022.0,577923.0
2016-03-16,562243.0,598288.0
2016-03-17,543149.0,582118.0
2016-03-18,523206.0,563940.0
2016-03-19,494442.0,518246.0
2016-03-20,498417.0,509152.0
2016-03-21,572265.0,568640.0
2016-03-22,581142.0,595764.0
2016-03-23,536084.0,560084.0
2016-03-24,525121.0,557641.0
2016-03-25,500411.0,531071.0
2016-03-26,482441.0,513929.0
2016-03-27,468690.0,504522.0
2016-03-28,502224.0,537100.0
2016-03-29,522224.0,552660.0
2016-03-30,523247.0,561659.0
2016-03-31,528305.0,563567.0
2016-04-01,535071.0,564679.0
2016-04-02,484779.0,513726.0
2016-04-03,469294.0,493598.0
2016-04-04,501291.0,522291.0
2016-04-05,506153.0,524616.0
2016-04-06,516218.0,531427.0
2016-04-07,542806.0,560734.0
2016-04-08,511373.0,541558.0
2016-04-09,499379.0,513267.0
2016-04-10,511040.0,525476.0
2016-04-11,526798.0,538101.0
2016-04-12,532130.0,546115.0
2016-04-13,522818.0,526256.0
2016-04-14,527423.0,528888.0
2016-04-15,520906.0,521648.0
2016-04-16,489472.0,507760.0
2016-04-17,470131.0,499089.0
2016-04-18,512843.0,532437.0
2016-04-19,537333.0,560249.0
2016-04-20,547223.0,565607.0
2016-04-21,547420.0,565035.0
2016-04-22,535914.0,560581.0
2016-04-23,513143.0,534281.0
2016-04-24,510946.0,527415.0
2016-04-25,571090.0,593443.0
2016-04-26,592801.0,622568.0
2016-04-27,605937.0,629254.0
2016-04-28,610703.0,636428.0
2016-04-29,615143.0,640167.0
2016-04-30,581416.0,607798.0
2016-05-01,559598.0,585879.0
2016-05-02,595295.0,639159.0
2016-05-03,597568.0,647551.0
2016-05-04,559276.0,603593.0
2016-05-05,520619.0,572920.0
2016-05-06,508640.0,553779.0
2016-05-07,489493.0,530051.0
2016-05-08,511900.0,549751.0
2016-05-09,559914.0,592151.0
2016-05-10,585644.0,631133.0
2016-05-11,662708.0,713284.0
2016-05-12,656212.0,698520.0
2016-05-13,620160.0,667172.0
2016-05-14,550084.0,603458.0
2016-05-15,531713.0,576318.0
2016-05-16,572214.0,621561.0
2016-05-17,611952.0,660772.0
2016-05-18,635437.0,684728.0
2016-05-19,659014.0,699351.0
2016-05-20,613119.0,654118.0
2016-05-21,589988.0,625408.0
2016-05-22,570495.0,604076.0
2016-05-23,607362.0,647508.0
2016-05-24,652029.0,694892.0
2016-05-25,689836.0,731181.0
2016-05-26,717341.0,753943.0
2016-05-27,717255.0,754970.0
2016-05-28,661251.0,706863.0
2016-05-29,644824.0,687861.0
2016-05-30,678570.0,726115.0
2016-05-31,742214.0,790190.0
2016-06-01,765909.0,814069.0
2016-06-02,752981.0,798236.0
2016-06-03,769958.0,817832.0
2016-06-04,741875.0,784643.0
2016-06-05,678206.0,721579.0
2016-06-06,697044.0,744823.0
2016-06-07,736621.0,783551.0
2016-06-08,732334.0,777124.0
2016-06-09,688501.0,729698.0
2016-06-10,745971.0,782699.0
2016-06-11,769492.0,804248.0
2016-06-12,776138.0,813522.0
2016-06-13,835750.0,880298.0
2016-06-14,832518.0,880471.0
2016-06-15,779621.0,834322.0
2016-06-16,815402.0,866731.0
2016-06-17,826054.0,864971.0
2016-06-18,682230.0,728724.0
2016-06-19,672900.0,712941.0
2016-06-20,712225.0,759217.0
2016-06-21,756520.0,794308.0
2016-06-22,806320.0,839965.0
2016-06-23,829982.0,880503.0
2016-06-24,855086.0,899565.0
2016-06-25,851984.0,876606.0
2016-06-26,818037.0,844018.0
2016-06-27,811441.0,850537.0
2016-06-28,812622.0,857321.0
2016-06-29,795125.0,843598.0
2016-06-30,801428.0,836643.0
2016-07-01,794562.0,832554.0
2016-07-02,799041.0,825234.0
2016-07-03,809399.0,821305.0
2016-07-04,814034.0,832022.0
2016-07-05,782023.0,820651.0
2016-07-06,779266.0,842825.0
2016-07-07,804776.0,872422.0
2016-07-08,878382.0,944562.0
2016-07-09,849631.0,899482.0
2016-07-10,771469.0,817879.0
2016-07-11,800472.0,853274.0
2016-07-12,803715.0,866053.0
2016-07-13,818711.0,874579.0
2016-07-14,843530.0,908474.0
2016-07-15,817490.0,876918.0
2016-07-16,781279.0,824409.0
2016-07-17,754774.0,785320.0
2016-07-18,814391.0,864576.0
2016-07-19,801217.0,857426.0
2016-07-20,830896.0,886595.0
2016-07-21,857511.0,922398.0
2016-07-22,813978.0,890245.0
2016-07-23,807481.0,863392.0
2016-07-24,796559.0,842447.0
2016-07-25,860976.0,922901.0
2016-07-26,876037.0,943430.0
2016-07-27,866448.0,939213.0
2016-07-28,850808.0,925395.0
2016-07-29,848512.0,918024.0
2016-07-30,807348.0,858394.0
2016-07-31,783069.0,823006.0
2016-08-01,801639.0,855302.0
2016-08-02,812980.0,866873.0
2016-08-03,817344.0,866153.0
2016-08-04,848329.0,886443.0
2016-08-05,831716.0,881310.0
2016-08-06,816779.0,843421.0
2016-08-07,810048.0,829534.0
2016-08-08,827398.0,864460.0
2016-08-09,802696.0,851190.0
2016-08-10,800260.0,850053.0
2016-08-11,801580.0,851288.0
2016-08-12,811184.0,863443.0
2016-08-13,778443.0,829468.0
2016-08-14,774278.0,825362.0
2016-08-15,826291.0,880625.0
2016-08-16,836472.0,892583.0
2016-08-17,846073.0,899348.0
2016-08-18,851519.0,902316.0
2016-08-19,807665.0,858594.0
2016-08-20,769516.0,813274.0
2016-08-21,760343.0,803011.0
2016-08-22,797625.0,843958.0
2016-08-23,811796.0,857478.0
2016-08-24,772634.0,824219.0
2016-08-25,799011.0,862859.0
2016-08-26,840598.0,905690.0
2016-08-27,802153.0,849695.0
2016-08-28,782653.0,822540.0
2016-08-29,819949.0,870404.0
2016-08-30,813375.0,859335.0
2016-08-31,817017.0,856037.0
2016-09-01,820536.0,848225.0
2016-09-02,760165.0,793228.0
2016-09-03,688429.0,716091.0
2016-09-04,677897.0,700454.0
2016-09-05,687881.0,708597.0
2016-09-06,729435.0,772862.0
2016-09-07,767550.0,819889.0
2016-09-08,781195.0,834024.0
2016-09-09,782272.0,836479.0
2016-09-10,756996.0,795015.0
2016-09-11,756537.0,781832.0
2016-09-12,758699.0,794157.0
2016-09-13,757597.0,793987.0
2016-09-14,766135.0,805798.0
2016-09-15,783635.0,815358.0
2016-09-16,778073.0,813682.0
2016-09-17,713774.0,750186.0
2016-09-18,681739.0,714235.0
2016-09-19,747961.0,796547.0
2016-09-20,768324.0,810024.0
2016-09-21,766445.0,806501.0
2016-09-22,769289.0,812662.0
2016-09-23,726200.0,771059.0
2016-09-24,729132.0,764545.0
2016-09-25,727391.0,761696.0
2016-09-26,753364.0,788730.0
2016-09-27,743029.0,768487.0
2016-09-28,725041.0,753425.0
2016-09-29,674093.0,714484.0
2016-09-30,600469.0,644850.0
2016-10-01,559189.0,594145.0
2016-10-02,558967.0,592002.0
2016-10-03,626592.0,656650.0
2016-10-04,634668.0,665056.0
2016-10-05,646773.0,689535.0
2016-10-06,651541.0,692105.0
2016-10-07,645706.0,684585.0
2016-10-08,621458.0,642516.0
2016-10-09,549684.0,573867.0
2016-10-10,560864.0,594344.0
2016-10-11,574224.0,612300.0
2016-10-12,579201.0,620247.0
2016-10-13,600507.0,645762.0
2016-10-14,603482.0,642442.0
2016-10-15,575595.0,606909.0
2016-10-16,575531.0,606923.0
2016-10-17,625023.0,663371.0
2016-10-18,657779.0,692385.0
2016-10-19,674018.0,705675.0
2016-10-20,667719.0,694027.0
2016-10-21,603237.0,640391.0
2016-10-22,510180.0,545083.0
2016-10-23,504794.0,533982.0
2016-10-24,549892.0,584407.0
2016-10-25,566076.0,595169.0
2016-10-26,572700.0,616969.0
2016-10-27,590710.0,637590.0
2016-10-28,596550.0,634229.0
2016-10-29,560263.0,588129.0
2016-10-30,550056.0,575451.0
2016-10-31,558176.0,587172.0
2016-11-01,156148.0,166547.0
2016-11-02,11081.0,16988.0
2016-11-03,11298.0,15534.0
2016-11-04,11131.0,15166.0
2016-11-05,9843.0,11156.0
2016-11-06,9236.0,10652.0
2016-11-07,392626.0,408586.0
2016-11-08,559609.0,585902.0
2016-11-09,557373.0,599724.0
2016-11-10,556447.0,588736.0
2016-11-11,568485.0,593489.0
2016-11-12,529431.0,554176.0
2016-11-13,518167.0,543334.0
2016-11-14,567903.0,594882.0
2016-11-15,583827.0,604524.0
2016-11-16,574762.0,599091.0
2016-11-17,578491.0,596721.0
2016-11-18,572383.0,589685.0
2016-11-19,529932.0,556296.0
2016-11-20,575348.0,598162.0
2016-11-21,641138.0,667389.0
2016-11-22,651789.0,684184.0
2016-11-23,610143.0,640592.0
2016-11-24,526018.0,545797.0
2016-11-25,485133.0,509010.0
2016-11-26,511947.0,531798.0
2016-11-27,577668.0,590620.0
2016-11-28,581656.0,605224.0
2016-11-29,573255.0,599181.0
2016-11-30,583433.0,620139.0
2016-12-01,585264.0,615897.0
2016-12-02,636014.0,653295.0
2016-12-03,600996.0,619646.0
2016-12-04,581273.0,601155.0
2016-12-05,605675.0,630588.0
2016-12-06,599273.0,633126.0
2016-12-07,594588.0,631120.0
2016-12-08,636746.0,669604.0
2016-12-09,733984.0,752033.0
2016-12-10,755416.0,767306.0
2016-12-11,700411.0,705779.0
2016-12-12,619572.0,637331.0
2016-12-13,603715.0,629161.0
2016-12-14,601189.0,632434.0
2016-12-15,666772.0,702669.0
2016-12-16,753014.0,771008.0
2016-12-17,639044.0,659215.0
2016-12-18,553458.0,585864.0
2016-12-19,713411.0,742417.0
2016-12-20,727514.0,755128.0
2016-12-21,718920.0,739613.0
2016-12-22,622348.0,643845.0
2016-12-23,593018.0,613603.0
2016-12-24,530056.0,560099.0
2016-12-25,495731.0,522571.0
2016-12-26,485386.0,514537.0
2016-12-27,523083.0,553131.0
2016-12-28,539509.0,566634.0
2016-12-29,537549.0,562867.0
2016-12-30,626208.0,640241.0
2016-12-31,659045.0,673626.0
2017-01-01,566521.0,581740.0
2017-01-02,535525.0,559509.0
2017-01-03,549695.0,575885.0
2017-01-04,577577.0,604139.0
2017-01-05,678853.0,698008.0
2017-01-06,691758.0,719576.0
2017-01-07,802004.0,804922.0
2017-01-08,885173.0,876837.0
2017-01-09,847867.0,852930.0
2017-01-10,755999.0,768507.0
2017-01-11,610376.0,625208.0
2017-01-12,577635.0,601274.0
2017-01-13,566311.0,591494.0
2017-01-14,531803.0,560814.0
2017-01-15,511797.0,543135.0
2017-01-16,538229.0,568367.0
2017-01-17,558763.0,588771.0
2017-01-18,563450.0,592889.0
2017-01-19,567726.0,590962.0
2017-01-20,562249.0,592311.0
2017-01-21,533492.0,556459.0
2017-01-22,513858.0,535788.0
2017-01-23,562006.0,582146.0
2017-01-24,604052.0,620760.0
2017-01-25,607167.0,623885.0
2017-01-26,565591.0,588629.0
2017-01-27,663143.0,676205.0
2017-01-28,681380.0,684600.0
2017-01-29,656049.0,659960.0
2017-01-30,635740.0,650099.0
2017-01-31,634247.0,657688.0
2017-02-01,578022.0,596799.0
2017-02-02,576844.0,600347.0
2017-02-03,586260.0,614992.0
2017-02-04,653364.0,651413.0
2017-02-05,628646.0,626123.0
2017-02-06,591018.0,595870.0
2017-02-07,577754.0,587416.0
2017-02-08,562321.0,571069.0
2017-02-09,584700.0,600584.0
2017-02-10,674338.0,686895.0
2017-02-11,566407.0,585651.0
2017-02-12,506984.0,520903.0
2017-02-13,546935.0,568802.0
2017-02-14,584871.0,605189.0
2017-02-15,560043.0,582696.0
2017-02-16,622501.0,638257.0
2017-02-17,626759.0,647225.0
2017-02-18,545740.0,565933.0
2017-02-19,520270.0,538061.0
2017-02-20,540715.0,560547.0
2017-02-21,555904.0,580829.0
2017-02-22,550095.0,580654.0
2017-02-23,553448.0,579072.0
2017-02-24,556367.0,583400.0
2017-02-25,515310.0,551848.0
2017-02-26,540315.0,572900.0
2017-02-27,581399.0,620923.0
2017-02-28,577818.0,616734.0
2017-03-01,568315.0,603878.0
2017-03-02,565462.0,609288.0
2017-03-03,614745.0,644519.0
2017-03-04,600023.0,618608.0
2017-03-05,554489.0,577996.0
2017-03-06,549688.0,577201.0
2017-03-07,145969.0,158500.0
2017-03-08,9801.0,16042.0
2017-03-09,10236.0,17083.0
2017-03-10,9745.0,15122.0
2017-03-11,354329.0,378828.0
2017-03-12,537855.0,544309.0
2017-03-13,655354.0,668100.0
2017-03-14,690761.0,707957.0
2017-03-15,759587.0,771209.0
2017-03-16,728365.0,727201.0
2017-03-17,657898.0,679522.0
2017-03-18,539857.0,560271.0
2017-03-19,522716.0,546015.0
2017-03-20,571840.0,595924.0
2017-03-21,579904.0,607029.0
2017-03-22,577854.0,603089.0
2017-03-23,564329.0,592106.0
2017-03-24,556294.0,585659.0
2017-03-25,523030.0,545777.0
2017-03-26,514439.0,536166.0
2017-03-27,566855.0,596151.0
2017-03-28,593511.0,628198.0
2017-03-29,612074.0,638262.0
2017-03-30,605553.0,633807.0
2017-03-31,577459.0,611287.0
2017-04-01,536636.0,570334.0
2017-04-02,527705.0,562904.0
2017-04-03,567916.0,597846.0
2017-04-04,585974.0,622117.0
2017-04-05,597504.0,631133.0
2017-04-06,553843.0,593045.0
2017-04-07,558984.0,587889.0
2017-04-08,528771.0,554895.0
2017-04-09,508112.0,529635.0
2017-04-10,553589.0,583240.0
2017-04-11,583959.0,620116.0
2017-04-12,595521.0,620309.0
2017-04-13,604293.0,623747.0
2017-04-14,600378.0,614659.0
2017-04-15,569114.0,587134.0
2017-04-16,560964.0,580530.0
2017-04-17,602261.0,632741.0
2017-04-18,629295.0,656447.0
2017-04-19,628749.0,657262.0
2017-04-20,651400.0,687535.0
2017-04-21,660474.0,691355.0
2017-04-22,621271.0,650485.0
2017-04-23,558508.0,581031.0
2017-04-24,539931.0,562193.0
2017-04-25,569225.0,595676.0
2017-04-26,608007.0,622924.0
2017-04-27,634004.0,655398.0
2017-04-28,668177.0,697582.0
2017-04-29,677673.0,694420.0
2017-04-30,637198.0,657172.0
2017-05-01,620429.0,646136.0
2017-05-02,589676.0,623785.0
2017-05-03,607325.0,638861.0
2017-05-04,586520.0,622411.0
2017-05-05,545747.0,574799.0
2017-05-06,520233.0,544170.0
2017-05-07,509825.0,528546.0
2017-05-08,571029.0,597363.0
2017-05-09,622160.0,653026.0
2017-05-10,638562.0,674667.0
2017-05-11,639602.0,676876.0
2017-05-12,649331.0,683957.0
2017-05-13,581735.0,619209.0
2017-05-14,577650.0,604283.0
2017-05-15,659986.0,691879.0
2017-05-16,719671.0,768069.0
2017-05-17,741692.0,803810.0
2017-05-18,712524.0,773972.0
2017-05-19,745681.0,809314.0
2017-05-20,722372.0,771153.0
2017-05-21,629254.0,675496.0
2017-05-22,665535.0,710097.0
2017-05-23,643134.0,688069.0
2017-05-24,626848.0,675246.0
2017-05-25,591196.0,635810.0
2017-05-26,613539.0,658686.0
2017-05-27,641580.0,675505.0
2017-05-28,656289.0,691021.0
2017-05-29,655113.0,697423.0
2017-05-30,663543.0,711948.0
2017-05-31,676608.0,717510.0
2017-06-01,683232.0,725039.0
2017-06-02,701184.0,745792.0
2017-06-03,689077.0,723922.0
2017-06-04,663725.0,694117.0
2017-06-05,691876.0,731078.0
2017-06-06,651976.0,697914.0
2017-06-07,657298.0,701570.0
2017-06-08,652711.0,696145.0
2017-06-09,661718.0,705488.0
2017-06-10,659706.0,695903.0
2017-06-11,669735.0,705106.0
2017-06-12,735807.0,785586.0
2017-06-13,734027.0,785499.0
2017-06-14,761121.0,806779.0
2017-06-15,777157.0,821913.0
2017-06-16,717718.0,767291.0
2017-06-17,719275.0,755379.0
2017-06-18,694676.0,733274.0
2017-06-19,744940.0,787721.0
2017-06-20,701707.0,745893.0
2017-06-21,667889.0,713979.0
2017-06-22,708741.0,757747.0
2017-06-23,759907.0,802027.0
2017-06-24,725246.0,757221.0
2017-06-25,678986.0,712538.0
2017-06-26,681870.0,722248.0
2017-06-27,713069.0,740424.0
2017-06-28,716482.0,735399.0
2017-06-29,722296.0,752236.0
2017-06-30,701951.0,742523.0
2017-07-01,713229.0,749700.0
2017-07-02,720070.0,752305.0
2017-07-03,690872.0,741862.0
2017-07-04,727949.0,769589.0
2017-07-05,777237.0,822603.0
2017-07-06,807395.0,855983.0
2017-07-07,758190.0,811115.0
2017-07-08,746196.0,793142.0
2017-07-09,717609.0,761911.0
2017-07-10,774699.0,818288.0
2017-07-11,787552.0,837993.0
2017-07-12,788074.0,846970.0
2017-07-13,829219.0,884983.0
2017-07-14,827838.0,882708.0
2017-07-15,775342.0,824789.0
2017-07-16,710460.0,765941.0
2017-07-17,753579.0,808924.0
2017-07-18,769428.0,818390.0
2017-07-19,821930.0,873343.0
2017-07-20,851336.0,906195.0
2017-07-21,860526.0,914725.0
2017-07-22,817472.0,859640.0
2017-07-23,798065.0,840295.0
2017-07-24,809290.0,854042.0
2017-07-25,789441.0,838860.0
2017-07-26,820155.0,869503.0
2017-07-27,823266.0,873782.0
2017-07-28,805320.0,860915.0
2017-07-29,781099.0,824270.0
2017-07-30,714912.0,757279.0
2017-07-31,743846.0,788190.0
2017-08-01,743549.0,786253.0
2017-08-02,745761.0,789091.0
2017-08-03,741592.0,786046.0
2017-08-04,741574.0,790776.0
2017-08-05,729663.0,768040.0
2017-08-06,729821.0,758848.0
2017-08-07,779306.0,811278.0
2017-08-08,749848.0,798564.0
2017-08-09,728676.0,784020.0
2017-08-10,752340.0,806909.0
2017-08-11,771551.0,811295.0
2017-08-12,772627.0,807127.0
2017-08-13,776852.0,817025.0
2017-08-14,827077.0,860292.0
2017-08-15,815643.0,853952.0
2017-08-16,834670.0,882725.0
2017-08-17,865703.0,913717.0
2017-08-18,864010.0,910099.0
2017-08-19,790380.0,816895.0
2017-08-20,784986.0,800713.0
2017-08-21,833513.0,865260.0
2017-08-22,829927.0,876174.0
2017-08-23,843300.0,883586.0
2017-08-24,807284.0,835817.0
2017-08-25,785582.0,802569.0
2017-08-26,753699.0,775294.0
2017-08-27,723475.0,745976.0
2017-08-28,703188.0,741507.0
2017-08-29,691956.0,737758.0
2017-08-30,689614.0,749819.0
2017-08-31,697424.0,756765.0
2017-09-01,729476.0,772495.0
2017-09-02,655268.0,692828.0
2017-09-03,636197.0,668399.0
2017-09-04,654012.0,684979.0
2017-09-05,729469.0,764705.0
2017-09-06,676642.0,713318.0
2017-09-07,612740.0,651371.0
2017-09-08,584832.0,628139.0
2017-09-09,582856.0,612588.0
2017-09-10,551916.0,577128.0
2017-09-11,522138.0,562946.0
2017-09-12,510132.0,558003.0
2017-09-13,564683.0,610438.0
2017-09-14,634132.0,677966.0
2017-09-15,677974.0,716057.0
2017-09-16,679507.0,718869.0
2017-09-17,677299.0,717486.0
2017-09-18,716536.0,750157.0
2017-09-19,729186.0,759757.0
2017-09-20,741792.0,781738.0
2017-09-21,751580.0,792279.0
2017-09-22,747885.0,788454.0
2017-09-23,702072.0,730601.0
2017-09-24,657491.0,691858.0
2017-09-25,698958.0,744863.0
2017-09-26,713457.0,761941.0
2017-09-27,736455.0,783943.0
2017-09-28,749400.0,790406.0
2017-09-29,738375.0,765274.0
2017-09-30,670407.0,690711.0
2017-10-01,577605.0,601521.0
2017-10-02,586873.0,615122.0
2017-10-03,634574.0,667024.0
2017-10-04,633385.0,675545.0
2017-10-05,636476.0,671196.0
2017-10-06,651416.0,687531.0
2017-10-07,650010.0,689424.0
2017-10-08,629952.0,670128.0
2017-10-09,682559.0,720832.0
2017-10-10,731428.0,768836.0
2017-10-11,737988.0,768638.0
2017-10-12,716735.0,744612.0
2017-10-13,679256.0,701400.0
2017-10-14,629592.0,653928.0
2017-10-15,608934.0,628211.0
2017-10-16,612481.0,638418.0
2017-10-17,554247.0,581761.0
2017-10-18,557095.0,588036.0
2017-10-19,569945.0,604925.0
2017-10-20,574905.0,599865.0
2017-10-21,546789.0,568887.0
2017-10-22,546822.0,573888.0
2017-10-23,595966.0,620150.0
2017-10-24,561433.0,586385.0
2017-10-25,563114.0,592416.0
2017-10-26,583354.0,603378.0
2017-10-27,562813.0,581710.0
2017-10-28,525870.0,553336.0
2017-10-29,560355.0,582397.0
2017-10-30,585344.0,612186.0
2017-10-31,166656.0,178201.0
2017-11-01,10127.0,15195.0
2017-11-02,10069.0,12978.0
2017-11-03,10344.0,13070.0
2017-11-04,10317.0,12820.0
2017-11-05,10310.0,11994.0
2017-11-06,411642.0,420386.0
2017-11-07,598950.0,619859.0
2017-11-08,587611.0,620266.0
2017-11-09,576016.0,615076.0
2017-11-10,586320.0,615038.0
2017-11-11,571322.0,590008.0
2017-11-12,556328.0,579173.0
2017-11-13,577764.0,596239.0
2017-11-14,571835.0,592656.0
2017-11-15,599958.0,616707.0
2017-11-16,599336.0,613264.0
2017-11-17,599675.0,617316.0
2017-11-18,559382.0,582655.0
2017-11-19,524986.0,557145.0
2017-11-20,645052.0,672969.0
2017-11-21,603885.0,635378.0
2017-11-22,568682.0,610430.0
2017-11-23,565174.0,599451.0
2017-11-24,549865.0,573751.0
2017-11-25,561542.0,586747.0
2017-11-26,549798.0,577992.0
2017-11-27,623890.0,644130.0
2017-11-28,646086.0,668230.0
2017-11-29,605075.0,633304.0
2017-11-30,556055.0,583454.0
2017-12-01,558132.0,588326.0
2017-12-02,549521.0,580402.0
2017-12-03,532252.0,561738.0
2017-12-04,581934.0,612103.0
2017-12-05,464635.0,591852.0
2017-12-06,446853.0,646646.0
2017-12-07,700826.0,728458.0
2017-12-08,743164.0,766515.0
2017-12-09,736321.0,749990.0
2017-12-10,766585.0,779990.0
2017-12-11,761263.0,778228.0
2017-12-12,694295.0,718037.0
2017-12-13,754313.0,770281.0
2017-12-14,722609.0,734234.0
2017-12-15,710231.0,724762.0
2017-12-16,741810.0,745260.0
2017-12-17,679209.0,689843.0
2017-12-18,614940.0,640949.0
2017-12-19,603470.0,628476.0
2017-12-20,578873.0,612193.0
2017-12-21,580144.0,614826.0
2017-12-22,581824.0,616031.0
2017-12-23,540717.0,566798.0
2017-12-24,540389.0,564979.0
2017-12-25,609764.0,622236.0
2017-12-26,682193.0,700816.0
2017-12-27,685093.0,705907.0
2017-12-28,731470.0,737410.0
2017-12-29,710550.0,716476.0
2017-12-30,702291.0,703387.0
2017-12-31,690865.0,694092.0
2018-01-01,843715.0,843683.0
2018-01-02,960662.0,935368.0
2018-01-03,919409.0,892834.0
2018-01-04,932739.0,907340.0
2018-01-05,952723.0,942360.0
2018-01-06,879158.0,878124.0
2018-01-07,845729.0,833332.0
2018-01-08,798231.0,790235.0
2018-01-09,677933.0,688103.0
2018-01-10,604581.0,632570.0
2018-01-11,585923.0,614545.0
2018-01-12,585387.0,628106.0
2018-01-13,787691.0,803323.0
2018-01-14,854469.0,847220.0
2018-01-15,818822.0,819807.0
2018-01-16,816042.0,823276.0
2018-01-17,882422.0,889773.0
2018-01-18,965341.0,958603.0
2018-01-19,881749.0,880074.0
2018-01-20,734941.0,756594.0
2018-01-21,619626.0,636365.0
2018-01-22,605524.0,623742.0
2018-01-23,599739.0,627935.0
2018-01-24,694341.0,712984.0
2018-01-25,730669.0,744826.0
2018-01-26,717415.0,729585.0
2018-01-27,596480.0,614779.0
2018-01-28,551277.0,576158.0
2018-01-29,582575.0,610518.0
2018-01-30,702876.0,720719.0
2018-01-31,773588.0,770484.0
2018-02-01,674133.0,684561.0
2018-02-02,647433.0,657158.0
2018-02-03,724998.0,727935.0
2018-02-04,638892.0,640381.0
2018-02-05,648725.0,655092.0
2018-02-06,652212.0,668096.0
2018-02-07,582988.0,611083.0
2018-02-08,645126.0,673303.0
2018-02-09,657717.0,676403.0
2018-02-10,539004.0,567082.0
2018-02-11,510228.0,540217.0
2018-02-12,558196.0,583989.0
2018-02-13,598946.0,622975.0
2018-02-14,595206.0,615611.0
2018-02-15,564598.0,584006.0
2018-02-16,557419.0,581004.0
2018-02-17,529955.0,561180.0
2018-02-18,510672.0,533815.0
2018-02-19,547594.0,572314.0
2018-02-20,563887.0,599243.0
2018-02-21,560591.0,590302.0
2018-02-22,581020.0,617522.0
2018-02-23,581233.0,627908.0
2018-02-24,549788.0,592159.0
2018-02-25,522173.0,562439.0
2018-02-26,539845.0,583834.0
2018-02-27,564418.0,605392.0
2018-02-28,570810.0,617095.0
2018-03-01,574004.0,611899.0
2018-03-02,560205.0,596304.0
2018-03-03,555655.0,570805.0
2018-03-04,541703.0,548114.0
2018-03-05,542681.0,550455.0
2018-03-06,146053.0,147270.0
2018-03-07,10386.0,8847.0
2018-03-08,450925.0,464951.0
2018-03-09,659503.0,658246.0
2018-03-10,182068.0,198990.0
2018-03-11,10189.0,7226.0
2018-03-12,459683.0,467377.0
2018-03-13,670554.0,682268.0
2018-03-14,663304.0,664401.0
2018-03-15,673594.0,671127.0
2018-03-16,593122.0,600265.0
2018-03-17,530408.0,540344.0
2018-03-18,511764.0,519640.0
2018-03-19,549660.0,559744.0
2018-03-20,560183.0,583457.0
2018-03-21,611785.0,638347.0
2018-03-22,646789.0,667171.0
2018-03-23,622067.0,646005.0
2018-03-24,517756.0,544484.0
2018-03-25,516884.0,549762.0
2018-03-26,601690.0,624631.0
2018-03-27,613097.0,637852.0
2018-03-28,576755.0,602876.0
2018-03-29,566981.0,588804.0
2018-03-30,539147.0,565463.0
2018-03-31,517850.0,543739.0
2018-04-01,472886.0,495168.0
2018-04-02,535884.0,562484.0
2018-04-03,560110.0,587103.0
2018-04-04,564541.0,603307.0
2018-04-05,571455.0,608050.0
2018-04-06,556241.0,588491.0
2018-04-07,522330.0,548263.0
2018-04-08,547844.0,566172.0
2018-04-09,566532.0,589245.0
2018-04-10,574071.0,592836.0
2018-04-11,573039.0,586726.0
2018-04-12,552801.0,574937.0
2018-04-13,564736.0,590772.0
2018-04-14,561076.0,587157.0
2018-04-15,522345.0,544524.0
2018-04-16,575479.0,594030.0
2018-04-17,596039.0,612342.0
2018-04-18,560625.0,577083.0
2018-04-19,569266.0,594135.0
2018-04-20,553488.0,569167.0
2018-04-21,517961.0,538638.0
2018-04-22,496155.0,516972.0
2018-04-23,541046.0,562187.0
2018-04-24,478370.0,507159.0
2018-04-25,543431.0,574845.0
2018-04-26,546936.0,577786.0
2018-04-27,543308.0,569556.0
2018-04-28,515195.0,536369.0
2018-04-29,499593.0,522535.0
2018-04-30,542121.0,566155.0
2018-05-01,570335.0,589981.0
2018-05-02,598171.0,630401.0
2018-05-03,621690.0,654253.0
2018-05-04,625643.0,654350.0
2018-05-05,590549.0,603301.0
2018-05-06,564434.0,578939.0
2018-05-07,608832.0,628161.0
2018-05-08,637517.0,658594.0
2018-05-09,651922.0,663680.0
2018-05-10,676360.0,681781.0
2018-05-11,687170.0,693431.0
2018-05-12,682958.0,674485.0
2018-05-13,670825.0,657747.0
2018-05-14,724241.0,725672.0
2018-05-15,710799.0,731408.0
2018-05-16,675124.0,702497.0
2018-05-17,666296.0,686576.0
2018-05-18,671399.0,693031.0
2018-05-19,668740.0,684173.0
2018-05-20,669744.0,678620.0
2018-05-21,668309.0,695817.0
2018-05-22,686943.0,714084.0
2018-05-23,690014.0,722260.0
2018-05-24,715485.0,748867.0
2018-05-25,702167.0,739823.0
2018-05-26,656143.0,692244.0
2018-05-27,637678.0,673270.0
2018-05-28,626120.0,668096.0
2018-05-29,668763.0,715551.0
2018-05-30,710286.0,761145.0
2018-05-31,735524.0,772683.0
2018-06-01,742869.0,773828.0
2018-06-02,704162.0,736954.0
2018-06-03,738890.0,775203.0
2018-06-04,748317.0,799138.0
2018-06-05,663409.0,723707.0
2018-06-06,687631.0,736332.0
2018-06-07,748445.0,792857.0
2018-06-08,769125.0,806804.0
2018-06-09,726327.0,755501.0
2018-06-10,702011.0,734467.0
2018-06-11,732504.0,765289.0
2018-06-12,678971.0,716660.0
2018-06-13,717689.0,753081.0
2018-06-14,735894.0,771506.0
2018-06-15,761641.0,794760.0
2018-06-16,753349.0,783432.0
2018-06-17,717505.0,757010.0
2018-06-18,779287.0,830212.0
2018-06-19,839565.0,875156.0
2018-06-20,777493.0,820402.0
2018-06-21,817921.0,853135.0
2018-06-22,798666.0,836521.0
2018-06-23,718722.0,748162.0
2018-06-24,724637.0,755211.0
2018-06-25,820604.0,844548.0
2018-06-26,805922.0,839963.0
2018-06-27,830864.0,870730.0
2018-06-28,760715.0,799295.0
2018-06-29,739202.0,781056.0
2018-06-30,778095.0,824905.0
2018-07-01,727187.0,772769.0
2018-07-02,760631.0,810349.0
2018-07-03,800985.0,842438.0
2018-07-04,774730.0,797801.0
2018-07-05,771397.0,804126.0
2018-07-06,788983.0,832209.0
2018-07-07,718708.0,757359.0
2018-07-08,686598.0,718028.0
2018-07-09,750668.0,789033.0
2018-07-10,810098.0,849693.0
2018-07-11,838813.0,874451.0
2018-07-12,859792.0,889671.0
2018-07-13,844918.0,879612.0
2018-07-14,781683.0,820819.0
2018-07-15,757364.0,798394.0
2018-07-16,777488.0,826920.0
2018-07-17,794195.0,833748.0
2018-07-18,824722.0,856304.0
2018-07-19,808960.0,836131.0
2018-07-20,784061.0,811556.0
2018-07-21,768209.0,787276.0
2018-07-22,757365.0,775545.0
2018-07-23,751285.0,775320.0
2018-07-24,758745.0,795496.0
2018-07-25,782501.0,819336.0
2018-07-26,811545.0,849688.0
2018-07-27,805394.0,842213.0
2018-07-28,777625.0,809683.0
2018-07-29,736206.0,757680.0
2018-07-30,778962.0,799134.0
2018-07-31,763471.0,789280.0
2018-08-01,688228.0,726377.0
2018-08-02,682853.0,730760.0
2018-08-03,724720.0,762141.0
2018-08-04,745184.0,772626.0
2018-08-05,764830.0,787084.0
2018-08-06,836092.0,860989.0
2018-08-07,836678.0,866042.0
2018-08-08,821125.0,849274.0
2018-08-09,801029.0,832405.0
2018-08-10,775417.0,804825.0
2018-08-11,752644.0,779316.0
2018-08-12,755957.0,777762.0
2018-08-13,795809.0,818494.0
2018-08-14,788355.0,812024.0
2018-08-15,798713.0,824283.0
2018-08-16,815613.0,848712.0
2018-08-17,797928.0,832842.0
2018-08-18,734486.0,767455.0
2018-08-19,697210.0,727183.0
2018-08-20,742118.0,767369.0
2018-08-21,764519.0,797594.0
2018-08-22,768036.0,798369.0
2018-08-23,740264.0,763828.0
2018-08-24,723037.0,749188.0
2018-08-25,709160.0,736327.0
2018-08-26,731544.0,752745.0
2018-08-27,794187.0,833296.0
2018-08-28,815945.0,851579.0
2018-08-29,807982.0,841102.0
2018-08-30,771862.0,800310.0
2018-08-31,765956.0,792710.0
2018-09-01,733567.0,761908.0
2018-09-02,729768.0,750431.0
2018-09-03,726795.0,752322.0
2018-09-04,748639.0,784619.0
2018-09-05,759305.0,800260.0
2018-09-06,776004.0,815620.0
2018-09-07,793616.0,822511.0
2018-09-08,765191.0,778620.0
2018-09-09,747821.0,750126.0
2018-09-10,767728.0,781396.0
2018-09-11,768368.0,779886.0
2018-09-12,789320.0,805485.0
2018-09-13,799775.0,819770.0
2018-09-14,813896.0,835102.0
2018-09-15,794069.0,821305.0
2018-09-16,735580.0,765748.0
2018-09-17,786296.0,812342.0
2018-09-18,817649.0,842341.0
2018-09-19,811626.0,831850.0
2018-09-20,812760.0,829961.0
2018-09-21,799953.0,829392.0
2018-09-22,744752.0,773142.0
2018-09-23,709492.0,733556.0
2018-09-24,735716.0,762424.0
2018-09-25,748783.0,774772.0
2018-09-26,753909.0,790751.0
2018-09-27,712835.0,751304.0
2018-09-28,700406.0,743407.0
2018-09-29,687408.0,718677.0
2018-09-30,669759.0,692078.0
2018-10-01,712564.0,755580.0
2018-10-02,719760.0,748406.0
2018-10-03,732817.0,773250.0
2018-10-04,742959.0,790118.0
2018-10-05,755855.0,805331.0
2018-10-06,718946.0,744740.0
2018-10-07,694167.0,716641.0
2018-10-08,695864.0,736340.0
2018-10-09,702302.0,757272.0
2018-10-10,695038.0,743007.0
2018-10-11,637895.0,691813.0
2018-10-12,557420.0,603295.0
2018-10-13,517891.0,553815.0
2018-10-14,537804.0,573674.0
2018-10-15,624933.0,655902.0
2018-10-16,668557.0,698296.0
2018-10-17,643640.0,685737.0
2018-10-18,588932.0,636383.0
2018-10-19,577579.0,617935.0
2018-10-20,566068.0,603914.0
2018-10-21,511148.0,546084.0
2018-10-22,559019.0,582237.0
2018-10-23,561737.0,594009.0
2018-10-24,565337.0,596762.0
2018-10-25,559635.0,613781.0
2018-10-26,574948.0,620919.0
2018-10-27,530479.0,559616.0
2018-10-28,523850.0,541663.0
2018-10-29,525720.0,542369.0
2018-10-30,142985.0,150798.0
2018-10-31,10369.0,11875.0
2018-11-01,10118.0,16726.0
2018-11-02,408261.0,436804.0
2018-11-03,531633.0,559860.0
2018-11-04,500414.0,550464.0
2018-11-05,535370.0,544178.0
2018-11-06,572306.0,608026.0
2018-11-07,567646.0,604913.0
2018-11-08,565682.0,601646.0
2018-11-09,569508.0,608512.0
2018-11-10,566170.0,603083.0
2018-11-11,590076.0,626224.0
2018-11-12,601301.0,636790.0
2018-11-13,621486.0,677130.0
2018-11-14,647399.0,714097.0
2018-11-15,704443.0,757153.0
2018-11-16,741435.0,784300.0
2018-11-17,634275.0,672773.0
2018-11-18,568929.0,606097.0
2018-11-19,581331.0,633348.0
2018-11-20,556043.0,613028.0
2018-11-21,635902.0,680933.0
2018-11-22,614040.0,649399.0
2018-11-23,580603.0,605932.0
2018-11-24,573257.0,604431.0
2018-11-25,550564.0,572690.0
2018-11-26,595676.0,626096.0
2018-11-27,739591.0,761332.0
2018-11-28,791320.0,812590.0
2018-11-29,735811.0,781308.0
2018-11-30,601621.0,642619.0
2018-12-01,553659.0,574168.0
2018-12-02,517559.0,540649.0
2018-12-03,554402.0,591850.0
2018-12-04,627405.0,658560.0
2018-12-05,724687.0,734653.0
2018-12-06,780703.0,799149.0
2018-12-07,713775.0,745665.0
2018-12-08,660940.0,689215.0
2018-12-09,679474.0,696028.0
2018-12-10,740692.0,760469.0
2018-12-11,739102.0,753851.0
2018-12-12,774211.0,764552.0
2018-12-13,704589.0,710759.0
2018-12-14,635790.0,643314.0
2018-12-15,597105.0,617306.0
2018-12-16,593381.0,613855.0
2018-12-17,634081.0,652932.0
2018-12-18,666812.0,688286.0
2018-12-19,659944.0,683529.0
2018-12-20,631102.0,651715.0
2018-12-21,647138.0,662521.0
2018-12-22,670285.0,677854.0
2018-12-23,639022.0,654658.0
2018-12-24,591268.0,613390.0
2018-12-25,615669.0,634848.0
2018-12-26,581909.0,603102.0
2018-12-27,592313.0,611283.0
2018-12-28,558160.0,585900.0
2018-12-29,533232.0,561608.0
2018-12-30,525052.0,544982.0
2018-12-31,528418.0,551698.0
2019-01-01,497864.0,527788.0
2019-01-02,540177.0,586796.0
2019-01-03,580833.0,618933.0
2019-01-04,576602.0,616439.0
2019-01-05,590692.0,624335.0
2019-01-06,585565.0,613922.0
2019-01-07,596160.0,630322.0
2019-01-08,585251.0,628137.0
2019-01-09,605226.0,650797.0
2019-01-10,718213.0,738010.0
2019-01-11,752500.0,762662.0
2019-01-12,663098.0,672496.0
2019-01-13,626411.0,643803.0
2019-01-14,688735.0,710895.0
2019-01-15,734874.0,751741.0
2019-01-16,759660.0,772503.0
2019-01-17,731538.0,750754.0
2019-01-18,627545.0,646429.0
2019-01-19,566219.0,576342.0
2019-01-20,646347.0,657855.0
2019-01-21,809827.0,815437.0
2019-01-22,786030.0,797369.0
2019-01-23,654253.0,676838.0
2019-01-24,642692.0,666370.0
2019-01-25,765250.0,790759.0
2019-01-26,744459.0,768865.0
2019-01-27,695217.0,722908.0
2019-01-28,710795.0,743087.0
2019-01-29,685890.0,723702.0
2019-01-30,844638.0,870785.0
2019-01-31,809797.0,835268.0
2019-02-01,720666.0,742656.0
2019-02-02,599510.0,614334.0
2019-02-03,510262.0,530062.0
2019-02-04,545408.0,568224.0
2019-02-05,560575.0,594719.0
2019-02-06,561538.0,602416.0
2019-02-07,560772.0,594041.0
2019-02-08,554546.0,588821.0
2019-02-09,619999.0,644042.0
2019-02-10,614485.0,631542.0
2019-02-11,633152.0,653585.0
2019-02-12,588679.0,615443.0
2019-02-13,633951.0,655014.0
2019-02-14,675784.0,688140.0
2019-02-15,594901.0,623382.0
2019-02-16,532982.0,571869.0
2019-02-17,536355.0,575947.0
2019-02-18,579635.0,620232.0
2019-02-19,648981.0,679405.0
2019-02-20,684130.0,709697.0
2019-02-21,622724.0,649882.0
2019-02-22,586132.0,614815.0
2019-02-23,562771.0,594909.0
2019-02-24,530043.0,561134.0
2019-02-25,600251.0,625882.0
2019-02-26,604187.0,639640.0
2019-02-27,561075.0,607410.0
2019-02-28,560362.0,608048.0
2019-03-01,554069.0,597348.0
2019-03-02,527982.0,573303.0
2019-03-03,516853.0,554618.0
2019-03-04,637005.0,666292.0
2019-03-05,743541.0,758068.0
2019-03-06,767267.0,772792.0
2019-03-07,706707.0,718198.0
2019-03-08,597026.0,634327.0
2019-03-09,538224.0,566341.0
2019-03-10,514670.0,551460.0
2019-03-11,556389.0,596440.0
2019-03-12,573377.0,608551.0
2019-03-13,561068.0,586085.0
2019-03-14,565062.0,590177.0
2019-03-15,554265.0,580423.0
2019-03-16,544498.0,558242.0
2019-03-17,563654.0,573077.0
2019-03-18,592219.0,606964.0
2019-03-19,623855.0,636945.0
2019-03-20,626107.0,645482.0
2019-03-21,595086.0,621543.0
2019-03-22,592141.0,621334.0
2019-03-23,547122.0,573118.0
2019-03-24,517084.0,544561.0
2019-03-25,537093.0,567026.0
2019-03-26,551636.0,582428.0
2019-03-27,567849.0,590565.0
2019-03-28,580580.0,592511.0
2019-03-29,559593.0,575407.0
2019-03-30,508036.0,525677.0
2019-03-31,499111.0,528755.0
2019-04-01,588397.0,621628.0
2019-04-02,574443.0,605131.0
2019-04-03,557082.0,591677.0
2019-04-04,543358.0,584566.0
2019-04-05,543824.0,588223.0
2019-04-06,518790.0,557171.0
2019-04-07,523611.0,557471.0
2019-04-08,568740.0,600302.0
2019-04-09,571781.0,602243.0
2019-04-10,582861.0,609173.0
2019-04-11,598547.0,626046.0
2019-04-12,607707.0,639793.0
2019-04-13,565721.0,595651.0
2019-04-14,563513.0,593982.0
2019-04-15,538004.0,568692.0
2019-04-16,554283.0,584334.0
2019-04-17,568048.0,586560.0
2019-04-18,589102.0,609478.0
2019-04-19,556588.0,578595.0
2019-04-20,514499.0,531480.0
2019-04-21,507370.0,523712.0
2019-04-22,538759.0,561443.0
2019-04-23,574468.0,597622.0
2019-04-24,599940.0,638480.0
2019-04-25,589079.0,629607.0
2019-04-26,565995.0,615906.0
2019-04-27,523112.0,558018.0
2019-04-28,530556.0,566768.0
2019-04-29,608927.0,640570.0
2019-04-30,650918.0,689079.0
2019-05-01,670577.0,704215.0
2019-05-02,670878.0,698771.0
2019-05-03,668805.0,699863.0
2019-05-04,627278.0,642156.0
2019-05-05,575374.0,588029.0
2019-05-06,608900.0,630477.0
2019-05-07,645278.0,669141.0
2019-05-08,676904.0,698696.0
2019-05-09,673001.0,697293.0
2019-05-10,642868.0,681650.0
2019-05-11,622197.0,650005.0
2019-05-12,568214.0,588872.0
2019-05-13,602121.0,627423.0
2019-05-14,582492.0,602835.0
2019-05-15,584676.0,612063.0
2019-05-16,637930.0,656246.0
2019-05-17,685567.0,699298.0
2019-05-18,679833.0,684385.0
2019-05-19,667053.0,680172.0
2019-05-20,712073.0,735670.0
2019-05-21,742571.0,764991.0
2019-05-22,768098.0,789864.0
2019-05-23,784670.0,803099.0
2019-05-24,792720.0,814703.0
2019-05-25,767448.0,783528.0
2019-05-26,758318.0,781261.0
2019-05-27,758744.0,783901.0
2019-05-28,801336.0,829010.0
2019-05-29,812286.0,847239.0
2019-05-30,814382.0,857651.0
2019-05-31,799851.0,841056.0
2019-06-01,725435.0,751399.0
2019-06-02,704077.0,723094.0
2019-06-03,760729.0,778054.0
2019-06-04,769378.0,788399.0
2019-06-05,747420.0,778312.0
2019-06-06,689313.0,734054.0
2019-06-07,704702.0,749962.0
2019-06-08,646535.0,681369.0
2019-06-09,631654.0,660802.0
2019-06-10,699821.0,735198.0
2019-06-11,718381.0,741044.0
2019-06-12,678309.0,693223.0
2019-06-13,657924.0,684588.0
2019-06-14,638655.0,672688.0
2019-06-15,651930.0,677436.0
2019-06-16,706617.0,722585.0
2019-06-17,779161.0,791956.0
2019-06-18,758304.0,774593.0
2019-06-19,747205.0,767905.0
2019-06-20,789250.0,809683.0
2019-06-21,802437.0,823722.0
2019-06-22,800189.0,812068.0
2019-06-23,725582.0,744635.0
2019-06-24,786665.0,812023.0
2019-06-25,778976.0,811029.0
2019-06-26,777649.0,811705.0
2019-06-27,771374.0,803449.0
2019-06-28,768360.0,797622.0
2019-06-29,725043.0,747858.0
2019-06-30,718991.0,741474.0
2019-07-01,807122.0,834199.0
2019-07-02,856685.0,884919.0
2019-07-03,837295.0,871639.0
2019-07-04,795550.0,824263.0
2019-07-05,793696.0,816170.0
2019-07-06,767166.0,791515.0
2019-07-07,781049.0,797425.0
2019-07-08,811540.0,829966.0
2019-07-09,852456.0,874243.0
2019-07-10,842019.0,872699.0
2019-07-11,843958.0,877610.0
2019-07-12,827060.0,851315.0
2019-07-13,765526.0,786444.0
2019-07-14,734383.0,763789.0
2019-07-15,796300.0,828824.0
2019-07-16,850658.0,885303.0
2019-07-17,852638.0,876419.0
2019-07-18,831465.0,857691.0
2019-07-19,797747.0,837362.0
2019-07-20,728427.0,765322.0
2019-07-21,735895.0,772209.0
2019-07-22,802185.0,834312.0
2019-07-23,785197.0,807100.0
2019-07-24,716581.0,733519.0
2019-07-25,719739.0,738579.0
2019-07-26,731396.0,753639.0
2019-07-27,723219.0,745290.0
2019-07-28,716164.0,742117.0
2019-07-29,772776.0,798031.0
2019-07-30,794552.0,820647.0
2019-07-31,794305.0,818310.0
2019-08-01,801402.0,822640.0
2019-08-02,757156.0,781720.0
2019-08-03,729546.0,755226.0
2019-08-04,708717.0,738829.0
2019-08-05,753834.0,776189.0
2019-08-06,791337.0,816924.0
2019-08-07,834423.0,851369.0
2019-08-08,850676.0,863596.0
2019-08-09,850780.0,864450.0
2019-08-10,826778.0,837633.0
2019-08-11,806217.0,816857.0
2019-08-12,867174.0,884680.0
2019-08-13,912471.0,936720.0
2019-08-14,888379.0,912832.0
2019-08-15,834266.0,854332.0
2019-08-16,822712.0,833890.0
2019-08-17,797797.0,811633.0
2019-08-18,792165.0,807588.0
2019-08-19,814089.0,840149.0
2019-08-20,787510.0,810059.0
2019-08-21,819241.0,842023.0
2019-08-22,834534.0,858361.0
2019-08-23,836020.0,846618.0
2019-08-24,767968.0,775673.0
2019-08-25,684681.0,703662.0
2019-08-26,682057.0,707898.0
2019-08-27,716365.0,738814.0
2019-08-28,766473.0,787277.0
2019-08-29,755726.0,775317.0
2019-08-30,730153.0,748547.0
2019-08-31,706978.0,726698.0
2019-09-01,702618.0,727391.0
2019-09-02,719209.0,740367.0
2019-09-03,742003.0,758693.0
2019-09-04,796997.0,814070.0
2019-09-05,826159.0,840964.0
2019-09-06,790197.0,818662.0
2019-09-07,773927.0,809955.0
2019-09-08,790170.0,823309.0
2019-09-09,823985.0,859565.0
2019-09-10,835467.0,876206.0
2019-09-11,820439.0,864281.0
2019-09-12,823502.0,861517.0
2019-09-13,822759.0,850552.0
2019-09-14,762194.0,780482.0
2019-09-15,741117.0,762004.0
2019-09-16,796432.0,835861.0
2019-09-17,818131.0,851485.0
2019-09-18,816669.0,847496.0
2019-09-19,747293.0,766962.0
2019-09-20,681295.0,705606.0
2019-09-21,652023.0,668658.0
2019-09-22,643973.0,659279.0
2019-09-23,693715.0,714069.0
2019-09-24,755894.0,777549.0
2019-09-25,751176.0,774358.0
2019-09-26,791286.0,807632.0
2019-09-27,807009.0,810847.0
2019-09-28,772141.0,792339.0
2019-09-29,742580.0,761287.0
2019-09-30,790527.0,802593.0
2019-10-01,814916.0,819548.0
2019-10-02,821951.0,828971.0
2019-10-03,823621.0,831078.0
2019-10-04,815152.0,813149.0
2019-10-05,720787.0,719624.0
2019-10-06,633823.0,648244.0
2019-10-07,668458.0,687653.0
2019-10-08,671584.0,686588.0
2019-10-09,655307.0,667051.0
2019-10-10,641304.0,649909.0
2019-10-11,627424.0,638872.0
2019-10-12,573475.0,593361.0
2019-10-13,536319.0,557419.0
2019-10-14,578534.0,597688.0
2019-10-15,592435.0,617845.0
2019-10-16,596973.0,627040.0
2019-10-17,546625.0,581768.0
2019-10-18,538380.0,570469.0
2019-10-19,518601.0,552516.0
2019-10-20,517029.0,552546.0
2019-10-21,562388.0,588424.0
2019-10-22,582849.0,619568.0
2019-10-23,494380.0,536383.0
2019-10-24,535960.0,582720.0
2019-10-25,524055.0,569861.0
2019-10-26,549388.0,573246.0
2019-10-27,531897.0,551105.0
2019-10-28,511952.0,540435.0
2019-10-29,551455.0,580745.0
2019-10-30,577118.0,599387.0
2019-10-31,591516.0,616747.0
2019-11-01,596986.0,602620.0
2019-11-02,576183.0,581240.0
2019-11-03,567190.0,567562.0
2019-11-04,557852.0,565902.0
2019-11-05,562670.0,594969.0
2019-11-06,562244.0,600675.0
2019-11-07,557734.0,597452.0
2019-11-08,560113.0,616355.0
2019-11-09,597316.0,637482.0
2019-11-10,580145.0,613089.0
2019-11-11,578415.0,610582.0
2019-11-12,610319.0,645667.0
2019-11-13,797603.0,781279.0
2019-11-14,738731.0,757483.0
2019-11-15,683212.0,707156.0
2019-11-16,634047.0,660810.0
2019-11-17,584788.0,619873.0
2019-11-18,584368.0,625298.0
2019-11-19,613897.0,654345.0
2019-11-20,619668.0,665198.0
2019-11-21,614105.0,659841.0
2019-11-22,579425.0,629784.0
2019-11-23,524621.0,566665.0
2019-11-24,544274.0,578056.0
2019-11-25,632968.0,668567.0
2019-11-26,627340.0,664350.0
2019-11-27,563082.0,593702.0
2019-11-28,532860.0,559471.0
2019-11-29,496772.0,525234.0
2019-11-30,501092.0,522895.0
2019-12-01,488755.0,510412.0
2019-12-02,606480.0,631051.0
2019-12-03,729397.0,743761.0
2019-12-04,704912.0,729741.0
2019-12-05,653222.0,674367.0
2019-12-06,633702.0,654311.0
2019-12-07,567412.0,594702.0
2019-12-08,548344.0,576455.0
2019-12-09,580764.0,605955.0
2019-12-10,583758.0,617604.0
2019-12-11,665183.0,696724.0
2019-12-12,732796.0,754827.0
2019-12-13,707172.0,728963.0
2019-12-14,622283.0,644431.0
2019-12-15,599787.0,623253.0
2019-12-16,578774.0,613990.0
2019-12-17,559449.0,601364.0
2019-12-18,726569.0,745779.0
2019-12-19,778749.0,786907.0
2019-12-20,754953.0,761874.0
2019-12-21,639513.0,664542.0
2019-12-22,624670.0,648331.0
2019-12-23,615407.0,629599.0
2019-12-24,545717.0,571064.0
2019-12-25,504582.0,529656.0
2019-12-26,534101.0,564378.0
2019-12-27,539311.0,578826.0
2019-12-28,505573.0,541944.0
2019-12-29,488943.0,521744.0
2019-12-30,514315.0,544774.0
2019-12-31,596565.0,630243.0
2020-01-01,608685.0,620868.0
2020-01-02,601133.0,620409.0
2020-01-03,580042.0,600505.0
2020-01-04,532973.0,556125.0
2020-01-05,635211.0,646668.0
2020-01-06,657930.0,679323.0
2020-01-07,608846.0,641992.0
2020-01-08,677235.0,687749.0
2020-01-09,675932.0,687856.0
2020-01-10,577750.0,599981.0
2020-01-11,524308.0,538355.0
2020-01-12,508983.0,529140.0
2020-01-13,551255.0,572821.0
2020-01-14,562709.0,588278.0
2020-01-15,560605.0,580959.0
2020-01-16,558774.0,582549.0
2020-01-17,591816.0,615055.0
2020-01-18,598336.0,608314.0
2020-01-19,564723.0,572216.0
2020-01-20,740035.0,729194.0
2020-01-21,841578.0,816016.0
2020-01-22,844005.0,821102.0
2020-01-23,733470.0,728679.0
2020-01-24,650125.0,659426.0
2020-01-25,640815.0,646428.0
2020-01-26,655441.0,662170.0
2020-01-27,636551.0,650933.0
2020-01-28,676195.0,681188.0
2020-01-29,671358.0,680502.0
2020-01-30,678656.0,691059.0
2020-01-31,661179.0,676273.0
2020-02-01,647867.0,643076.0
2020-02-02,641428.0,628047.0
2020-02-03,605949.0,606262.0
2020-02-04,557928.0,570435.0
2020-02-05,549928.0,573922.0
2020-02-06,554926.0,578806.0
2020-02-07,649201.0,645650.0
2020-02-08,715074.0,700768.0
2020-02-09,643762.0,631837.0
2020-02-10,623351.0,626750.0
2020-02-11,582735.0,600192.0
2020-02-12,569908.0,599618.0
2020-02-13,560657.0,591542.0
2020-02-14,635032.0,654790.0
2020-02-15,655003.0,668551.0
2020-02-16,598422.0,627788.0
2020-02-17,609887.0,638454.0
2020-02-18,583707.0,611725.0
2020-02-19,576551.0,611379.0
2020-02-20,637431.0,665873.0
2020-02-21,726110.0,725627.0
2020-02-22,722444.0,708078.0
2020-02-23,650426.0,661376.0
2020-02-24,612632.0,637882.0
2020-02-25,589773.0,619537.0
2020-02-26,589851.0,621612.0
2020-02-27,695037.0,716331.0
2020-02-28,719677.0,730376.0
2020-02-29,642950.0,667575.0
2020-03-01,612000.0,635149.0
2020-03-02,585272.0,600727.0
2020-03-03,568198.0,586573.0
2020-03-04,563349.0,585125.0
2020-03-05,593423.0,609514.0
2020-03-06,612817.0,623664.0
2020-03-07,619226.0,613283.0
2020-03-08,593225.0,582295.0
2020-03-09,583078.0,574248.0
2020-03-10,553596.0,560855.0
2020-03-11,554838.0,563837.0
2020-03-12,555125.0,566454.0
2020-03-13,553135.0,557669.0
2020-03-14,526943.0,537543.0
2020-03-15,511611.0,524103.0
2020-03-16,549071.0,568820.0
2020-03-17,568946.0,592692.0
2020-03-18,566093.0,588320.0
2020-03-19,575930.0,595119.0
2020-03-20,580952.0,601863.0
2020-03-21,527942.0,542112.0
2020-03-22,496651.0,515625.0
2020-03-23,540079.0,561698.0
2020-03-24,561872.0,576275.0
2020-03-25,569289.0,583970.0
2020-03-26,561527.0,578390.0
2020-03-27,573866.0,592171.0
2020-03-28,574413.0,584844.0
2020-03-29,565292.0,580688.0
2020-03-30,539375.0,550557.0
2020-03-31,520076.0,533428.0
2020-04-01,516825.0,528867.0
2020-04-02,524471.0,531462.0
2020-04-03,513715.0,527747.0
2020-04-04,488104.0,505741.0
2020-04-05,491038.0,502123.0
2020-04-06,532240.0,542931.0
2020-04-07,545882.0,557109.0
2020-04-08,560969.0,576491.0
2020-04-09,585403.0,589402.0
2020-04-10,507896.0,508038.0
2020-04-11,479612.0,492860.0
2020-04-12,475391.0,488365.0
2020-04-13,516464.0,531547.0
2020-04-14,519835.0,559152.0
2020-04-15,508920.0,551244.0
2020-04-16,512445.0,528444.0
2020-04-17,506631.0,515354.0
2020-04-18,492063.0,500912.0
2020-04-19,492754.0,502937.0
2020-04-20,511637.0,527233.0
2020-04-21,520841.0,536077.0
2020-04-22,516525.0,532369.0
2020-04-23,513766.0,540567.0
2020-04-24,511365.0,538620.0
2020-04-25,503004.0,523487.0
2020-04-26,483911.0,504733.0
2020-04-27,504276.0,527981.0
2020-04-28,518958.0,550203.0
2020-04-29,525741.0,553425.0
2020-04-30,507776.0,543853.0
2020-05-01,500121.0,541036.0
2020-05-02,491938.0,525736.0
2020-05-03,513230.0,554891.0
2020-05-04,593699.0,634436.0
2020-05-05,630016.0,668713.0
2020-05-06,574436.0,620150.0
2020-05-07,518763.0,550363.0
2020-05-08,509189.0,542009.0
2020-05-09,484649.0,525556.0
2020-05-10,480160.0,518272.0
2020-05-11,511500.0,549897.0
2020-05-12,530951.0,572102.0
2020-05-13,546158.0,587821.0
2020-05-14,579668.0,616225.0
2020-05-15,591870.0,632723.0
2020-05-16,589282.0,622261.0
2020-05-17,592339.0,622655.0
2020-05-18,611237.0,643737.0
2020-05-19,596587.0,628950.0
2020-05-20,561861.0,591995.0
2020-05-21,556702.0,599576.0
2020-05-22,617476.0,664898.0
2020-05-23,618886.0,661648.0
2020-05-24,629808.0,661161.0
2020-05-25,620528.0,650968.0
2020-05-26,600162.0,641958.0
2020-05-27,586256.0,636110.0
2020-05-28,632252.0,679932.0
2020-05-29,665216.0,702930.0
2020-05-30,646289.0,677675.0
2020-05-31,624076.0,655258.0
2020-06-01,653226.0,674494.0
2020-06-02,680875.0,706264.0
2020-06-03,697980.0,724482.0
2020-06-04,711349.0,736231.0
2020-06-05,708181.0,736249.0
2020-06-06,661842.0,683780.0
2020-06-07,652063.0,675879.0
2020-06-08,713241.0,736452.0
2020-06-09,740314.0,766231.0
2020-06-10,725290.0,759015.0
2020-06-11,723956.0,748438.0
2020-06-12,699240.0,716698.0
2020-06-13,664434.0,678507.0
2020-06-14,640473.0,658971.0
2020-06-15,644302.0,663885.0
2020-06-16,618839.0,647953.0
2020-06-17,602405.0,633599.0
2020-06-18,642628.0,670737.0
2020-06-19,689514.0,720512.0
2020-06-20,692218.0,716250.0
2020-06-21,701662.0,715427.0
2020-06-22,706948.0,722634.0
2020-06-23,705979.0,726601.0
2020-06-24,705470.0,724012.0
2020-06-25,689061.0,719762.0
2020-06-26,704415.0,739870.0
2020-06-27,670526.0,707896.0
2020-06-28,701520.0,736019.0
2020-06-29,791950.0,815408.0
2020-06-30,790640.0,813480.0
2020-07-01,716437.0,747536.0
2020-07-02,723234.0,751830.0
2020-07-03,751457.0,770309.0
2020-07-04,727358.0,754805.0
2020-07-05,703129.0,737825.0
2020-07-06,716646.0,760078.0
2020-07-07,714663.0,756376.0
2020-07-08,738959.0,775414.0
2020-07-09,762662.0,803047.0
2020-07-10,799006.0,831162.0
2020-07-11,789662.0,808479.0
2020-07-12,721372.0,755694.0
2020-07-13,757952.0,792189.0
2020-07-14,813815.0,848726.0
2020-07-15,820547.0,859641.0
2020-07-16,798868.0,839239.0
2020-07-17,839136.0,872757.0
2020-07-18,823429.0,846022.0
2020-07-19,795256.0,822275.0
2020-07-20,852485.0,893303.0
2020-07-21,845554.0,891793.0
2020-07-22,806776.0,854976.0
2020-07-23,816476.0,855821.0
2020-07-24,782082.0,818591.0
2020-07-25,739800.0,771854.0
2020-07-26,704922.0,740666.0
2020-07-27,786562.0,825104.0
2020-07-28,797984.0,840190.0
2020-07-29,767446.0,811131.0
2020-07-30,792087.0,825388.0
2020-07-31,826308.0,856456.0
2020-08-01,786267.0,816353.0
2020-08-02,772502.0,791253.0
2020-08-03,793543.0,814834.0
2020-08-04,781239.0,798914.0
2020-08-05,805329.0,819315.0
2020-08-06,810774.0,830599.0
2020-08-07,801966.0,818978.0
2020-08-08,774343.0,784169.0
2020-08-09,779605.0,796093.0
2020-08-10,811859.0,841419.0
2020-08-11,790162.0,824369.0
2020-08-12,815141.0,836014.0
2020-08-13,804291.0,827464.0
2020-08-14,774786.0,804374.0
2020-08-15,725616.0,749444.0
2020-08-16,732130.0,747819.0
2020-08-17,791990.0,807352.0
2020-08-18,784418.0,798690.0
2020-08-19,777584.0,786247.0
2020-08-20,719737.0,736012.0
2020-08-21,691368.0,713679.0
2020-08-22,674548.0,698636.0
2020-08-23,681018.0,712205.0
2020-08-24,721287.0,759690.0
2020-08-25,723771.0,768513.0
2020-08-26,767170.0,806418.0
2020-08-27,798147.0,835136.0
2020-08-28,789232.0,819895.0
2020-08-29,734925.0,760847.0
2020-08-30,746897.0,760714.0
2020-08-31,763536.0,772455.0
2020-09-01,805073.0,811379.0
2020-09-02,831358.0,848064.0
2020-09-03,824940.0,844861.0
2020-09-04,823342.0,848175.0
2020-09-05,764574.0,778673.0
2020-09-06,675329.0,684535.0
2020-09-07,651217.0,668432.0
2020-09-08,705071.0,720657.0
2020-09-09,719465.0,739552.0
2020-09-10,750117.0,779340.0
2020-09-11,774599.0,804553.0
2020-09-12,742153.0,762746.0
2020-09-13,715848.0,738873.0
2020-09-14,739071.0,768105.0
2020-09-15,687648.0,722168.0
2020-09-16,575380.0,621165.0
2020-09-17,589610.0,638751.0
2020-09-18,630522.0,675749.0
2020-09-19,568825.0,602195.0
2020-09-20,510807.0,539891.0
2020-09-21,532902.0,564685.0
2020-09-22,544376.0,579262.0
2020-09-23,572078.0,612979.0
2020-09-24,594357.0,631964.0
2020-09-25,618575.0,646929.0
2020-09-26,609830.0,632625.0
2020-09-27,610443.0,627183.0
2020-09-28,667647.0,680385.0
2020-09-29,597597.0,625807.0
2020-09-30,544681.0,577981.0
2020-10-01,563067.0,594286.0
2020-10-02,547046.0,575479.0
2020-10-03,503582.0,531793.0
2020-10-04,491665.0,524938.0
2020-10-05,541879.0,569157.0
2020-10-06,573836.0,595978.0
2020-10-07,620817.0,634464.0
2020-10-08,636198.0,643644.0
2020-10-09,622763.0,629632.0
2020-10-10,595096.0,607640.0
2020-10-11,590043.0,599825.0
2020-10-12,627637.0,640745.0
2020-10-13,643295.0,656168.0
2020-10-14,593639.0,614242.0
2020-10-15,606619.0,613397.0
2020-10-16,579506.0,587002.0
2020-10-17,511583.0,525321.0
2020-10-18,503123.0,516256.0
2020-10-19,563131.0,585203.0
2020-10-20,589396.0,610226.0
2020-10-21,612980.0,631086.0
2020-10-22,621357.0,632155.0
2020-10-23,625768.0,633983.0
2020-10-24,573927.0,594459.0
2020-10-25,538121.0,558508.0
2020-10-26,575352.0,607216.0
2020-10-27,596796.0,635351.0
2020-10-28,621455.0,654426.0
2020-10-29,579803.0,614867.0
2020-10-30,500581.0,543292.0
2020-10-31,494597.0,523071.0
2020-11-01,483333.0,516802.0
2020-11-02,535774.0,566945.0
2020-11-03,599567.0,624066.0
2020-11-04,578823.0,607871.0
2020-11-05,560451.0,587198.0
2020-11-06,553575.0,581011.0
2020-11-07,525715.0,539937.0
2020-11-08,520292.0,529117.0
2020-11-09,568747.0,578236.0
2020-11-10,592424.0,602759.0
2020-11-11,612400.0,620476.0
2020-11-12,605530.0,607619.0
2020-11-13,556781.0,566979.0
2020-11-14,517134.0,526146.0
2020-11-15,510503.0,519299.0
2020-11-16,553730.0,563979.0
2020-11-17,597122.0,611294.0
2020-11-18,608786.0,619082.0
2020-11-19,619978.0,633551.0
2020-11-20,590835.0,609798.0
2020-11-21,531971.0,551007.0
2020-11-22,512286.0,531112.0
2020-11-23,541520.0,554187.0
2020-11-24,603559.0,616963.0
2020-11-25,572732.0,590119.0
2020-11-26,531297.0,548279.0
2020-11-27,498075.0,514854.0
2020-11-28,495395.0,514465.0
2020-11-29,511397.0,527410.0
2020-11-30,589694.0,606232.0
2020-12-01,754826.0,755931.0
2020-12-02,780317.0,785056.0
2020-12-03,732175.0,755263.0
2020-12-04,624958.0,651439.0
2020-12-05,632694.0,642321.0
2020-12-06,613802.0,624653.0
2020-12-07,632954.0,649113.0
2020-12-08,755682.0,770819.0
2020-12-09,732982.0,760774.0
2020-12-10,653884.0,675980.0
2020-12-11,624629.0,643261.0
2020-12-12,558693.0,561705.0
2020-12-13,519449.0,521245.0
2020-12-14,564592.0,580035.0
2020-12-15,688095.0,705970.0
2020-12-16,683711.0,701420.0
2020-12-17,746196.0,725115.0
2020-12-18,812731.0,778554.0
2020-12-19,740535.0,735808.0
2020-12-20,611171.0,621679.0
2020-12-21,619588.0,627211.0
2020-12-22,650619.0,654521.0
2020-12-23,658047.0,662586.0
2020-12-24,582509.0,586596.0
2020-12-25,753040.0,745474.0
2020-12-26,783816.0,770204.0
2020-12-27,732533.0,729879.0
2020-12-28,680751.0,684243.0
2020-12-29,622127.0,641241.0
2020-12-30,592009.0,615704.0
2020-12-31,570081.0,589805.0
2021-01-01,510524.0,525080.0
2021-01-02,501483.0,520625.0
2021-01-03,550606.0,567429.0
2021-01-04,677760.0,681731.0
2021-01-05,645698.0,663876.0
2021-01-06,696772.0,699441.0
2021-01-07,706619.0,707853.0
2021-01-08,717880.0,729545.0
2021-01-09,751451.0,754022.0
2021-01-10,773679.0,756124.0
2021-01-11,743629.0,752656.0
2021-01-12,735029.0,748246.0
2021-01-13,772326.0,775689.0
2021-01-14,758754.0,757380.0
2021-01-15,662663.0,669560.0
2021-01-16,698561.0,699239.0
2021-01-17,722703.0,724409.0
2021-01-18,701156.0,713190.0
2021-01-19,736528.0,748028.0
2021-01-20,637293.0,653525.0
2021-01-21,630012.0,644808.0
2021-01-22,610856.0,619451.0
2021-01-23,614313.0,620285.0
2021-01-24,578328.0,591690.0
2021-01-25,571224.0,588296.0
2021-01-26,551432.0,575784.0
2021-01-27,559494.0,587165.0
2021-01-28,658561.0,674803.0
2021-01-29,748460.0,761079.0
2021-01-30,699027.0,708390.0
2021-01-31,596547.0,601030.0
2021-02-01,688446.0,691014.0
2021-02-02,793914.0,785834.0
2021-02-03,778780.0,776442.0
2021-02-04,768323.0,762509.0
2021-02-05,633456.0,646859.0
2021-02-06,678482.0,673827.0
2021-02-07,667125.0,658314.0
2021-02-08,702975.0,703906.0
2021-02-09,607011.0,619544.0
2021-02-10,585428.0,603161.0
2021-02-11,567502.0,590264.0
2021-02-12,601489.0,630110.0
2021-02-13,666185.0,690849.0
2021-02-14,672219.0,692945.0
2021-02-15,700792.0,725724.0
2021-02-16,806695.0,833527.0
2021-02-17,863076.0,902623.0
2021-02-18,704632.0,751406.0
2021-02-19,726242.0,769804.0
2021-02-20,729122.0,766568.0
2021-02-21,676750.0,707981.0
2021-02-22,593285.0,635830.0
2021-02-23,622747.0,650241.0
2021-02-24,602731.0,620294.0
2021-02-25,564362.0,587128.0
2021-02-26,557996.0,580717.0
2021-02-27,540575.0,555203.0
2021-02-28,513433.0,527104.0
2021-03-01,539516.0,548180.0
2021-03-02,605783.0,604609.0
2021-03-03,647852.0,643151.0
2021-03-04,608921.0,609969.0
2021-03-05,580172.0,583117.0
2021-03-06,552080.0,562752.0
2021-03-07,585301.0,586537.0
2021-03-08,618359.0,613132.0
2021-03-09,608471.0,598397.0
2021-03-10,579309.0,571576.0
2021-03-11,554641.0,558422.0
2021-03-12,548248.0,559669.0
2021-03-13,514461.0,529082.0
2021-03-14,504847.0,519511.0
2021-03-15,537485.0,551247.0
2021-03-16,568722.0,580376.0
2021-03-17,580824.0,581445.0
2021-03-18,552012.0,557595.0
2021-03-19,567023.0,575056.0
2021-03-20,551670.0,549360.0
2021-03-21,542641.0,540302.0
2021-03-22,548197.0,557610.0
2021-03-23,542139.0,554164.0
2021-03-24,543925.0,552548.0
2021-03-25,553762.0,563902.0
2021-03-26,570715.0,585128.0
2021-03-27,557525.0,575550.0
2021-03-28,536909.0,555386.0
2021-03-29,534439.0,563526.0
2021-03-30,550126.0,575966.0
2021-03-31,566813.0,595052.0
2021-04-01,576155.0,603411.0
2021-04-02,613642.0,623100.0
2021-04-03,578843.0,596972.0
2021-04-04,526439.0,540574.0
2021-04-05,530209.0,540288.0
2021-04-06,545032.0,558069.0
2021-04-07,557390.0,575441.0
2021-04-08,562337.0,580331.0
2021-04-09,545272.0,563503.0
2021-04-10,506959.0,526792.0
2021-04-11,499586.0,520862.0
2021-04-12,547095.0,563015.0
2021-04-13,578219.0,585111.0
2021-04-14,567978.0,589233.0
2021-04-15,549301.0,577988.0
2021-04-16,529746.0,555958.0
2021-04-17,497764.0,516895.0
2021-04-18,491943.0,510956.0
2021-04-19,525594.0,540421.0
2021-04-20,542979.0,558295.0
2021-04-21,538026.0,561577.0
2021-04-22,563345.0,582005.0
2021-04-23,547251.0,556245.0
2021-04-24,511623.0,526676.0
2021-04-25,493926.0,510066.0
2021-04-26,543469.0,557854.0
2021-04-27,585969.0,590855.0
2021-04-28,616375.0,622462.0
2021-04-29,622623.0,628392.0
2021-04-30,609561.0,607522.0
2021-05-01,544954.0,535281.0
2021-05-02,538465.0,529331.0
2021-05-03,614281.0,613288.0
2021-05-04,642075.0,649184.0
2021-05-05,587571.0,600000.0
2021-05-06,578713.0,590654.0
2021-05-07,550271.0,554717.0
2021-05-08,515709.0,514084.0
2021-05-09,531655.0,524059.0
2021-05-10,594172.0,601853.0
2021-05-11,604074.0,617717.0
2021-05-12,576824.0,598577.0
2021-05-13,553124.0,572751.0
2021-05-14,550340.0,557206.0
2021-05-15,524976.0,534541.0
2021-05-16,525528.0,532862.0
2021-05-17,586396.0,593218.0
2021-05-18,612918.0,617853.0
2021-05-19,630462.0,643270.0
2021-05-20,640649.0,653572.0
2021-05-21,640319.0,655257.0
2021-05-22,624108.0,638376.0
2021-05-23,627880.0,650802.0
2021-05-24,705068.0,737965.0
2021-05-25,746647.0,773509.0
2021-05-26,746676.0,776095.0
2021-05-27,739585.0,766254.0
2021-05-28,732040.0,756870.0
2021-05-29,630291.0,642780.0
2021-05-30,549791.0,564582.0
2021-05-31,567384.0,581807.0
2021-06-01,637858.0,668772.0
2021-06-02,673624.0,696373.0
2021-06-03,694618.0,711306.0
2021-06-04,704990.0,721477.0
2021-06-05,687030.0,705363.0
2021-06-06,666621.0,687203.0
2021-06-07,702777.0,726370.0
2021-06-08,728783.0,754631.0
2021-06-09,729999.0,762077.0
2021-06-10,729486.0,762987.0
2021-06-11,736092.0,769660.0
2021-06-12,724070.0,749531.0
2021-06-13,701479.0,722966.0
2021-06-14,773710.0,792054.0
2021-06-15,803399.0,820317.0
2021-06-16,744676.0,762135.0
2021-06-17,732660.0,745382.0
2021-06-18,749236.0,762261.0
2021-06-19,668603.0,695514.0
2021-06-20,643297.0,672011.0
2021-06-21,734236.0,755332.0
2021-06-22,699423.0,718903.0
2021-06-23,692727.0,705061.0
2021-06-24,729734.0,742822.0
2021-06-25,715469.0,733081.0
2021-06-26,700080.0,727392.0
2021-06-27,718478.0,748876.0
2021-06-28,768129.0,810723.0
2021-06-29,773587.0,813633.0
2021-06-30,769207.0,807234.0
2021-07-01,755975.0,780556.0
2021-07-02,725192.0,735476.0
2021-07-03,669692.0,669223.0
2021-07-04,649292.0,657664.0
2021-07-05,683537.0,702744.0
2021-07-06,729877.0,756956.0
2021-07-07,724722.0,752660.0
2021-07-08,727475.0,746684.0
2021-07-09,755581.0,773389.0
2021-07-10,699641.0,727416.0
2021-07-11,691319.0,716644.0
2021-07-12,714872.0,751467.0
2021-07-13,717547.0,751017.0
2021-07-14,763852.0,793452.0
2021-07-15,795241.0,832637.0
2021-07-16,792803.0,833139.0
2021-07-17,746353.0,781513.0
2021-07-18,697280.0,726471.0
2021-07-19,713797.0,749826.0
2021-07-20,706653.0,750863.0
2021-07-21,736744.0,777843.0
2021-07-22,797208.0,835655.0
2021-07-23,813083.0,845074.0
2021-07-24,770485.0,798137.0
2021-07-25,774295.0,800245.0
2021-07-26,833089.0,868750.0
2021-07-27,841709.0,883199.0
2021-07-28,815774.0,862025.0
2021-07-29,863019.0,911072.0
2021-07-30,868227.0,915283.0
2021-07-31,841154.0,873458.0
2021-08-01,794974.0,814210.0
2021-08-02,789812.0,821832.0
2021-08-03,743603.0,782494.0
2021-08-04,736188.0,770369.0
2021-08-05,744766.0,773384.0
2021-08-06,748313.0,779019.0
2021-08-07,736799.0,756006.0
2021-08-08,731767.0,757355.0
2021-08-09,814329.0,850844.0
2021-08-10,837118.0,869197.0
2021-08-11,815094.0,853360.0
2021-08-12,788764.0,841888.0
2021-08-13,824129.0,868876.0
2021-08-14,804864.0,833107.0
2021-08-15,733581.0,758579.0
2021-08-16,751346.0,773132.0
2021-08-17,734056.0,772732.0
2021-08-18,795445.0,825714.0
2021-08-19,831962.0,867068.0
2021-08-20,785813.0,823786.0
2021-08-21,745698.0,784152.0
2021-08-22,745164.0,779181.0
2021-08-23,811020.0,839369.0
2021-08-24,836286.0,880267.0
2021-08-25,844422.0,894586.0
2021-08-26,802331.0,844317.0
2021-08-27,804149.0,843457.0
2021-08-28,755966.0,796043.0
2021-08-29,743157.0,785752.0
2021-08-30,746689.0,802906.0
2021-08-31,723952.0,769457.0
2021-09-01,750445.0,786201.0
2021-09-02,744513.0,771773.0
2021-09-03,717504.0,740229.0
2021-09-04,656799.0,680277.0
2021-09-05,656265.0,679460.0
2021-09-06,695002.0,719685.0
2021-09-07,732139.0,750100.0
2021-09-08,740123.0,762386.0
2021-09-09,719291.0,735045.0
2021-09-10,658457.0,683784.0
2021-09-11,633178.0,660396.0
2021-09-12,654273.0,674512.0
2021-09-13,704916.0,732192.0
2021-09-14,721545.0,748285.0
2021-09-15,682672.0,706674.0
2021-09-16,652157.0,679020.0
2021-09-17,678971.0,701824.0
2021-09-18,669570.0,689525.0
2021-09-19,647581.0,665729.0
2021-09-20,686057.0,699633.0
2021-09-21,715379.0,726916.0
2021-09-22,689349.0,701732.0
2021-09-23,580655.0,606285.0
2021-09-24,564722.0,583364.0
2021-09-25,549709.0,575176.0
2021-09-26,557269.0,572840.0
2021-09-27,620799.0,637614.0
2021-09-28,655243.0,670092.0
2021-09-29,675723.0,693491.0
2021-09-30,669481.0,681688.0
2021-10-01,680257.0,693428.0
2021-10-02,642923.0,651701.0
2021-10-03,607013.0,619792.0
2021-10-04,639852.0,648425.0
2021-10-05,630831.0,643821.0
2021-10-06,637465.0,647906.0
2021-10-07,656121.0,670188.0
2021-10-08,664718.0,689520.0
2021-10-09,613415.0,628064.0
2021-10-10,599303.0,621250.0
2021-10-11,629078.0,657878.0
2021-10-12,647066.0,675429.0
2021-10-13,653832.0,688609.0
2021-10-14,659508.0,694780.0
2021-10-15,669770.0,692420.0
2021-10-16,603013.0,626754.0
2021-10-17,503341.0,537206.0
2021-10-18,542022.0,566785.0
2021-10-19,567151.0,605261.0
2021-10-20,580708.0,615030.0
2021-10-21,593857.0,635655.0
2021-10-22,601756.0,647040.0
2021-10-23,541744.0,588209.0
2021-10-24,519199.0,559784.0
2021-10-25,583392.0,627124.0
2021-10-26,581083.0,623694.0
2021-10-27,566361.0,606789.0
2021-10-28,571146.0,605687.0
2021-10-29,554875.0,594351.0
2021-10-30,530442.0,574881.0
2021-10-31,515884.0,559135.0
2021-11-01,556183.0,598166.0
2021-11-02,568743.0,609958.0
2021-11-03,575242.0,622281.0
2021-11-04,593190.0,645088.0
2021-11-05,606964.0,657161.0
2021-11-06,591169.0,624869.0
2021-11-07,564405.0,594958.0
2021-11-08,593958.0,630561.0
2021-11-09,595340.0,637836.0
2021-11-10,574470.0,598197.0
2021-11-11,566142.0,575275.0
2021-11-12,558201.0,586724.0
2021-11-13,552625.0,596656.0
2021-11-14,607290.0,651873.0
2021-11-15,585905.0,627849.0
2021-11-16,612529.0,666057.0
2021-11-17,588660.0,627648.0
2021-11-18,580700.0,624813.0
2021-11-19,604528.0,661864.0
2021-11-20,619235.0,682859.0
2021-11-21,566324.0,617065.0
2021-11-22,560000.0,612880.0
2021-11-23,665216.0,706426.0
2021-11-24,714473.0,746317.0
2021-11-25,627399.0,664089.0
2021-11-26,530324.0,581066.0
2021-11-27,640088.0,677531.0
2021-11-28,604577.0,644333.0
2021-11-29,659559.0,701821.0
2021-11-30,710703.0,743209.0
2021-12-01,650754.0,681207.0
2021-12-02,618491.0,648615.0
2021-12-03,592101.0,630363.0
2021-12-04,552918.0,597839.0
2021-12-05,529122.0,554753.0
2021-12-06,569493.0,595407.0
2021-12-07,625328.0,677139.0
2021-12-08,631825.0,684235.0
2021-12-09,678384.0,725125.0
2021-12-10,627494.0,666235.0
2021-12-11,566500.0,585439.0
2021-12-12,572707.0,604640.0
2021-12-13,665116.0,709710.0
2021-12-14,667803.0,708126.0
2021-12-15,631988.0,649643.0
2021-12-16,598260.0,622539.0
2021-12-17,581013.0,601766.0
2021-12-18,550010.0,563825.0
2021-12-19,534707.0,565450.0
2021-12-20,672315.0,708679.0
2021-12-21,717796.0,734280.0
2021-12-22,705989.0,716845.0
2021-12-23,701544.0,720140.0
2021-12-24,634092.0,640035.0
2021-12-25,516350.0,530288.0
2021-12-26,485011.0,499064.0
2021-12-27,525081.0,542695.0
2021-12-28,548046.0,569869.0
2021-12-29,556601.0,583372.0
2021-12-30,566429.0,588565.0
2021-12-31,547319.0,562995.0
2022-01-01,535673.0,538148.0
2022-01-02,524377.0,529756.0
2022-01-03,644400.0,660031.0
2022-01-04,773739.0,770971.0
2022-01-05,676525.0,676949.0
2022-01-06,662452.0,675729.0
2022-01-07,723639.0,739393.0
2022-01-08,738854.0,729847.0
2022-01-09,604929.0,602026.0
2022-01-10,621187.0,629838.0
2022-01-11,746594.0,764382.0
2022-01-12,757996.0,773069.0
2022-01-13,711596.0,720151.0
2022-01-14,668502.0,682037.0
2022-01-15,655279.0,660567.0
2022-01-16,700379.0,715808.0
2022-01-17,781005.0,793106.0
2022-01-18,803468.0,820766.0
2022-01-19,724286.0,747603.0
2022-01-20,660337.0,695150.0
2022-01-21,820869.0,832916.0
2022-01-22,816156.0,827728.0
2022-01-23,820942.0,836720.0
2022-01-24,781300.0,789508.0
2022-01-25,683928.0,689267.0
2022-01-26,713453.0,749972.0
2022-01-27,758499.0,784389.0
2022-01-28,747333.0,767721.0
2022-01-29,821349.0,833799.0
2022-01-30,815550.0,831436.0
2022-01-31,715063.0,741713.0
2022-02-01,707478.0,695953.0
2022-02-02,645121.0,638731.0
2022-02-03,611298.0,616718.0
2022-02-04,623539.0,636115.0
2022-02-05,752892.0,757633.0
2022-02-06,746467.0,746819.0
2022-02-07,727549.0,733102.0
2022-02-08,740097.0,745852.0
2022-02-09,742168.0,742919.0
2022-02-10,688770.0,694173.0
2022-02-11,651982.0,650087.0
2022-02-12,592424.0,588516.0
2022-02-13,603989.0,606136.0
2022-02-14,737009.0,747954.0
2022-02-15,715350.0,733876.0
2022-02-16,636465.0,642128.0
2022-02-17,575280.0,580777.0
2022-02-18,590866.0,614301.0
2022-02-19,683958.0,702138.0
2022-02-20,646827.0,662498.0
2022-02-21,609279.0,617331.0
2022-02-22,592892.0,602130.0
2022-02-23,575225.0,590716.0
2022-02-24,579721.0,604188.0
2022-02-25,569564.0,600070.0
2022-02-26,580168.0,611810.0
2022-02-27,557852.0,590468.0
2022-02-28,604108.0,638944.0
2022-03-01,628640.0,658685.0
2022-03-02,609604.0,642311.0
2022-03-03,582823.0,609062.0
2022-03-04,569059.0,595350.0
2022-03-05,529259.0,539890.0
2022-03-06,522143.0,527477.0
2022-03-07,565015.0,582468.0
2022-03-08,580155.0,615549.0
2022-03-09,597369.0,628767.0
2022-03-10,596374.0,624715.0
2022-03-11,579584.0,617157.0
2022-03-12,622766.0,649207.0
2022-03-13,747896.0,753411.0
2022-03-14,675487.0,679941.0
2022-03-15,592427.0,587116.0
2022-03-16,571542.0,562629.0
2022-03-17,575098.0,579267.0
2022-03-18,571899.0,574004.0
2022-03-19,530662.0,538091.0
2022-03-20,531966.0,536793.0
2022-03-21,570645.0,578080.0
2022-03-22,563530.0,583639.0
2022-03-23,563196.0,581869.0
2022-03-24,556861.0,573983.0
2022-03-25,562988.0,570100.0
2022-03-26,542517.0,553802.0
2022-03-27,532619.0,537791.0
2022-03-28,568393.0,580273.0
2022-03-29,577522.0,596416.0
2022-03-30,577432.0,591070.0
2022-03-31,571980.0,582074.0
2022-04-01,551692.0,561311.0
2022-04-02,526312.0,548393.0
2022-04-03,513884.0,534860.0
2022-04-04,556218.0,580561.0
2022-04-05,569719.0,580010.0
2022-04-06,581399.0,591697.0
2022-04-07,568030.0,594846.0
2022-04-08,561354.0,583661.0
2022-04-09,577356.0,600088.0
2022-04-10,570937.0,586212.0
2022-04-11,553961.0,570618.0
2022-04-12,579712.0,594069.0
2022-04-13,597585.0,606057.0
2022-04-14,591636.0,595952.0
2022-04-15,560955.0,566483.0
2022-04-16,535720.0,534967.0
2022-04-17,528494.0,535497.0
2022-04-18,551904.0,578417.0
2022-04-19,563540.0,590894.0
2022-04-20,568975.0,593940.0
2022-04-21,570411.0,584823.0
2022-04-22,595921.0,608697.0
2022-04-23,578009.0,587673.0
2022-04-24,572372.0,585596.0
2022-04-25,631258.0,650738.0
2022-04-26,627904.0,651792.0
2022-04-27,587414.0,604310.0
2022-04-28,585150.0,600699.0
2022-04-29,593071.0,603379.0
2022-04-30,585119.0,603256.0
2022-05-01,594133.0,616348.0
2022-05-02,663482.0,680541.0
2022-05-03,699594.0,720054.0
2022-05-04,711111.0,702164.0
2022-05-05,720577.0,718454.0
2022-05-06,691239.0,688085.0
2022-05-07,580496.0,575620.0
2022-05-08,541855.0,540624.0
2022-05-09,587738.0,595171.0
2022-05-10,619896.0,627683.0
2022-05-11,648418.0,673738.0
2022-05-12,681240.0,709342.0
2022-05-13,667268.0,698714.0
2022-05-14,635353.0,671420.0
2022-05-15,648246.0,670989.0
2022-05-16,693137.0,716204.0
2022-05-17,710892.0,729592.0
2022-05-18,719428.0,752576.0
2022-05-19,782410.0,822761.0
2022-05-20,789851.0,834126.0
2022-05-21,741220.0,777343.0
2022-05-22,700516.0,717883.0
2022-05-23,682850.0,688197.0
2022-05-24,686236.0,680130.0
2022-05-25,680914.0,678991.0
2022-05-26,656336.0,655604.0
2022-05-27,660429.0,674783.0
2022-05-28,626098.0,639632.0
2022-05-29,635584.0,639427.0
2022-05-30,684677.0,689280.0
2022-05-31,727593.0,750886.0
2022-06-01,773271.0,795617.0
2022-06-02,757933.0,778689.0
2022-06-03,750362.0,767213.0
2022-06-04,703537.0,715659.0
2022-06-05,683207.0,700206.0
2022-06-06,727786.0,757820.0
2022-06-07,756399.0,797795.0
2022-06-08,771627.0,812807.0
2022-06-09,784280.0,816863.0
2022-06-10,737999.0,763909.0
2022-06-11,716959.0,731190.0
2022-06-12,769595.0,781985.0
2022-06-13,871520.0,896720.0
2022-06-14,918078.0,941977.0
2022-06-15,888077.0,923919.0
2022-06-16,905288.0,945226.0
2022-06-17,908092.0,939038.0
2022-06-18,823212.0,847481.0
2022-06-19,752025.0,763049.0
2022-06-20,771815.0,789592.0
2022-06-21,830246.0,856245.0
2022-06-22,877875.0,912885.0
2022-06-23,928750.0,949404.0
2022-06-24,906237.0,928903.0
2022-06-25,832388.0,853544.0
2022-06-26,780437.0,804061.0
2022-06-27,806512.0,838925.0
2022-06-28,790985.0,809948.0
2022-06-29,777225.0,796005.0
2022-06-30,781207.0,804435.0
2022-07-01,771514.0,799644.0
2022-07-02,747816.0,768671.0
2022-07-03,765159.0,778938.0
2022-07-04,764669.0,775426.0
2022-07-05,821139.0,838768.0
2022-07-06,881964.0,904108.0
2022-07-07,899214.0,913321.0
2022-07-08,873691.0,894488.0
2022-07-09,800646.0,816684.0
2022-07-10,752813.0,758626.0
2022-07-11,774465.0,791254.0
2022-07-12,781252.0,814298.0
2022-07-13,774532.0,793564.0
2022-07-14,739278.0,757356.0
2022-07-15,750008.0,760018.0
2022-07-16,738474.0,749244.0
2022-07-17,737843.0,755831.0
2022-07-18,783040.0,796856.0
2022-07-19,760526.0,793604.0
2022-07-20,786909.0,821579.0
2022-07-21,794023.0,820639.0
2022-07-22,755668.0,783724.0
2022-07-23,744649.0,748772.0
2022-07-24,754934.0,759023.0
2022-07-25,787709.0,809465.0
2022-07-26,805616.0,820140.0
2022-07-27,829535.0,839636.0
2022-07-28,834699.0,841205.0
2022-07-29,830903.0,832838.0
2022-07-30,762504.0,744514.0
2022-07-31,730507.0,702972.0
2022-08-01,760337.0,751644.0
2022-08-02,769556.0,764829.0
2022-08-03,782802.0,778186.0
2022-08-04,773198.0,774524.0
2022-08-05,796406.0,798058.0
2022-08-06,759330.0,768805.0
2022-08-07,732409.0,753817.0
2022-08-08,758230.0,788877.0
2022-08-09,758620.0,796784.0
2022-08-10,743933.0,786413.0
2022-08-11,725314.0,758773.0
2022-08-12,738750.0,750536.0
2022-08-13,699433.0,710049.0
2022-08-14,690775.0,703696.0
2022-08-15,760007.0,773980.0
2022-08-16,767243.0,782114.0
2022-08-17,719818.0,733594.0
2022-08-18,698448.0,716382.0
2022-08-19,693319.0,715369.0
2022-08-20,692561.0,713764.0
2022-08-21,682259.0,702162.0
2022-08-22,704261.0,734156.0
2022-08-23,711359.0,744715.0
2022-08-24,706211.0,736953.0
2022-08-25,690852.0,727292.0
2022-08-26,716262.0,748447.0
2022-08-27,724401.0,739879.0
2022-08-28,715594.0,732678.0
2022-08-29,759162.0,786467.0
2022-08-30,766800.0,799767.0
2022-08-31,752639.0,779041.0
2022-09-01,744951.0,767880.0
2022-09-02,739432.0,769002.0
2022-09-03,697731.0,727024.0
2022-09-04,658938.0,687505.0
2022-09-05,650224.0,675019.0
2022-09-06,710269.0,737234.0
2022-09-07,736562.0,767352.0
2022-09-08,709690.0,734003.0
2022-09-09,666494.0,690948.0
2022-09-10,611603.0,630877.0
2022-09-11,633611.0,648480.0
2022-09-12,687075.0,701623.0
2022-09-13,638743.0,655455.0
2022-09-14,623483.0,647868.0
2022-09-15,646790.0,672646.0
2022-09-16,640394.0,667479.0
2022-09-17,621312.0,642347.0
2022-09-18,616192.0,638059.0
2022-09-19,664250.0,698531.0
2022-09-20,708541.0,743409.0
2022-09-21,747356.0,778579.0
2022-09-22,752135.0,775082.0
2022-09-23,659622.0,675074.0
2022-09-24,568310.0,589804.0
2022-09-25,570182.0,587315.0
2022-09-26,635433.0,639538.0
2022-09-27,580283.0,596765.0
2022-09-28,546150.0,561120.0
2022-09-29,534142.0,547637.0
2022-09-30,530325.0,539632.0
2022-10-01,516570.0,527703.0
2022-10-02,507601.0,521389.0
2022-10-03,543744.0,555820.0
2022-10-04,561266.0,574113.0
2022-10-05,558246.0,569331.0
2022-10-06,561311.0,574109.0
2022-10-07,565922.0,562766.0
2022-10-08,533283.0,532406.0
2022-10-09,498108.0,502309.0
2022-10-10,533158.0,542155.0
2022-10-11,559159.0,555145.0
2022-10-12,574475.0,571180.0
2022-10-13,571132.0,559787.0
2022-10-14,533647.0,532229.0
2022-10-15,508720.0,521555.0
2022-10-16,505342.0,512109.0
2022-10-17,548639.0,544942.0
2022-10-18,548646.0,560459.0
2022-10-19,598378.0,603479.0
2022-10-20,604914.0,606204.0
2022-10-21,584973.0,591712.0
2022-10-22,527011.0,531477.0
2022-10-23,502181.0,504875.0
2022-10-24,538715.0,549825.0
2022-10-25,548794.0,576387.0
2022-10-26,541366.0,571919.0
2022-10-27,547596.0,576947.0
2022-10-28,531762.0,553730.0
2022-10-29,498697.0,519294.0
2022-10-30,487158.0,502004.0
2022-10-31,530046.0,549791.0
2022-11-01,540048.0,549359.0
2022-11-02,541332.0,548900.0
2022-11-03,549418.0,563038.0
2022-11-04,544641.0,557500.0
2022-11-05,518314.0,527023.0
2022-11-06,535833.0,533085.0
2022-11-07,576940.0,576913.0
2022-11-08,595362.0,593560.0
2022-11-09,543422.0,561040.0
2022-11-10,536394.0,553153.0
2022-11-11,541212.0,553986.0
2022-11-12,509912.0,540630.0
2022-11-13,545916.0,569144.0
2022-11-14,646645.0,652722.0
2022-11-15,605039.0,613829.0
2022-11-16,611486.0,615729.0
2022-11-17,678231.0,648695.0
2022-11-18,720970.0,680096.0
2022-11-19,659462.0,648357.0
2022-11-20,626769.0,641849.0
2022-11-21,712636.0,728251.0
2022-11-22,619580.0,643708.0
2022-11-23,587288.0,619683.0
2022-11-24,516838.0,544110.0
2022-11-25,476363.0,491122.0
2022-11-26,487964.0,509078.0
2022-11-27,479546.0,502303.0
2022-11-28,536805.0,561900.0
2022-11-29,581978.0,592840.0
2022-11-30,548781.0,569511.0
2022-12-01,636161.0,642728.0
2022-12-02,647632.0,661570.0
2022-12-03,543274.0,565530.0
2022-12-04,518333.0,555373.0
2022-12-05,565174.0,599856.0
2022-12-06,586210.0,605071.0
2022-12-07,570630.0,597998.0
2022-12-08,553640.0,584278.0
2022-12-09,549307.0,580357.0
2022-12-10,522580.0,542811.0
2022-12-11,521996.0,537124.0
2022-12-12,555592.0,560303.0
2022-12-13,585142.0,579649.0
2022-12-14,613113.0,602645.0
2022-12-15,589279.0,575825.0
2022-12-16,644927.0,640275.0
2022-12-17,633914.0,638226.0
2022-12-18,675459.0,673279.0
2022-12-19,748815.0,734661.0
2022-12-20,703545.0,703185.0
2022-12-21,703916.0,703874.0
2022-12-22,671228.0,667882.0
2022-12-23,775134.0,775630.0
2022-12-24,1010934.0,1006246.0
2022-12-25,884288.0,891338.0
2022-12-26,834497.0,844704.0
2022-12-27,753697.0,776824.0
2022-12-28,747859.0,756634.0
2022-12-29,616213.0,621046.0
2022-12-30,548136.0,557364.0
2022-12-31,504762.0,516668.0
2023-01-01,483860.0,497100.0
2023-01-02,500870.0,519427.0
2023-01-03,534450.0,547031.0
2023-01-04,538111.0,555852.0
2023-01-05,565033.0,582712.0
2023-01-06,618906.0,638864.0
2023-01-07,614172.0,627990.0
2023-01-08,546419.0,573859.0
2023-01-09,578697.0,603147.0
2023-01-10,654069.0,671367.0
2023-01-11,619959.0,640431.0
2023-01-12,551776.0,570825.0
2023-01-13,613876.0,643652.0
2023-01-14,709539.0,730960.0
2023-01-15,715531.0,727553.0
2023-01-16,683031.0,695345.0
2023-01-17,594864.0,619233.0
2023-01-18,553081.0,564742.0
2023-01-19,542070.0,554982.0
2023-01-20,573581.0,595270.0
2023-01-21,594166.0,609837.0
2023-01-22,605710.0,616107.0
2023-01-23,640566.0,658667.0
2023-01-24,733622.0,752773.0
2023-01-25,618744.0,635614.0
2023-01-26,669088.0,686854.0
2023-01-27,732931.0,748607.0
2023-01-28,694821.0,705409.0
2023-01-29,605432.0,612114.0
2023-01-30,580989.0,595732.0
2023-01-31,560447.0,597491.0
2023-02-01,566307.0,614477.0
2023-02-02,602779.0,644190.0
2023-02-03,634694.0,655451.0
2023-02-04,686623.0,685095.0
2023-02-05,610337.0,609714.0
2023-02-06,603038.0,604096.0
2023-02-07,609414.0,620694.0
2023-02-08,564152.0,580120.0
2023-02-09,543921.0,558138.0
2023-02-10,550345.0,569077.0
2023-02-11,568182.0,584696.0
2023-02-12,618854.0,615882.0
2023-02-13,653998.0,660711.0
2023-02-14,620101.0,628778.0
2023-02-15,564530.0,577172.0
2023-02-16,554554.0,575382.0
2023-02-17,555343.0,577501.0
2023-02-18,676433.0,697565.0
2023-02-19,585465.0,601898.0
2023-02-20,563724.0,581787.0
2023-02-21,538654.0,560307.0
2023-02-22,549877.0,565834.0
2023-02-23,567018.0,584994.0
2023-02-24,566075.0,592862.0
2023-02-25,519079.0,549234.0
2023-02-26,505643.0,527064.0
2023-02-27,538989.0,555849.0
2023-02-28,568251.0,589928.0
2023-03-01,563443.0,589942.0
2023-03-02,561269.0,594246.0
2023-03-03,549679.0,578545.0
2023-03-04,510504.0,544438.0
2023-03-05,496679.0,527154.0
2023-03-06,537372.0,567721.0
2023-03-07,571828.0,599590.0
2023-03-08,548151.0,595283.0
2023-03-09,543485.0,584522.0
2023-03-10,546370.0,585174.0
2023-03-11,501205.0,527348.0
2023-03-12,493692.0,525309.0
2023-03-13,539344.0,571140.0
2023-03-14,611018.0,631437.0
2023-03-15,640747.0,652198.0
